customer_id,first_name,last_name,email,phone,city,state,signup_date,lifetime_value,segment
C-10000,avery,chen,avery.chen0@example.com,Not provided,zurich,ZH,2021-01-03,250,growth
C-10001,maya,rossi,maya.rossi1@example.com,+41 79 101 01 03,basel,BS,2021-01-16,287,core
C-10002,jonas,silva,jonas.silva2@example.com,+41 79 102 02 06,bern,BE,2021-01-29,324,enterprise
C-10003,elena,patel,elena.patel3@example.com,+41 79 103 03 09,geneva,GE,2021-02-11,361,growth
C-10004,noah,brown,noah.brown4@example.com,+41 79 104 04 12,lausanne,VD,2021-02-24,398,core
C-10005,amara,martin,amara.martin5@example.com,+41 79 105 05 15,zurich,ZH,2021-03-09,435,enterprise
C-10006,luca,müller,luca.müller6@example.com,+41 79 106 06 18,basel,BS,2021-03-22,472,growth
C-10007,sofia,okafor,sofia.okafor7@example.com,+41 79 107 07 21,bern,BE,2021-04-04,509,core
C-10008,avery,chen,avery.chen8@example.com,+41 79 108 08 24,geneva,GE,2021-04-17,546,enterprise
C-10009,maya,rossi,maya.rossi9@example.com,+41 79 109 09 27,lausanne,VD,2021-04-30,583,growth
C-10010,jonas,silva,jonas.silva10@example.com,+41 79 110 10 30,zurich,ZH,2021-05-13,620,core
C-10011,elena,patel,elena.patel11@example.com,+41 79 111 11 33,basel,BS,2021-05-26,657,enterprise
C-10012,noah,brown,noah.brown12@example.com,+41 79 112 12 36,bern,BE,2021-06-08,694,growth
C-10013,amara,martin,amara.martin13@example.com,+41 79 113 13 39,geneva,GE,2021-06-21,731,core
C-10014,luca,müller,luca.müller14@example.com,+41 79 114 14 42,lausanne,VD,2021-07-04,768,enterprise
C-10015,sofia,okafor,sofia.okafor15@example.com,+41 79 115 15 45,zurich,ZH,2021-07-17,805,growth
C-10016,avery,chen,avery.chen16@example.com,+41 79 116 16 48,basel,BS,2021-07-30,842,core
C-10017,maya,rossi,maya.rossi17@example.com,Not provided,bern,BE,2021-08-12,879,enterprise
C-10018,jonas,silva,jonas.silva18@example.com,+41 79 118 18 54,geneva,GE,2021-08-25,916,growth
C-10019,elena,patel,elena.patel19@example.com,+41 79 119 19 57,lausanne,VD,2021-09-07,953,core
C-10020,noah,brown,noah.brown20@example.com,+41 79 120 20 60,zurich,ZH,2021-09-20,990,enterprise
C-10021,amara,martin,amara.martin21@example.com,+41 79 121 21 63,basel,BS,2021-10-03,1027,growth
C-10022,luca,müller,luca.müller22@example.com,+41 79 122 22 66,bern,BE,2021-10-16,1064,core
C-10023,sofia,okafor,sofia.okafor23@example.com,+41 79 123 23 69,geneva,GE,2021-10-29,1101,enterprise
C-10024,avery,chen,avery.chen24@example.com,+41 79 124 24 72,lausanne,VD,2021-11-11,1138,growth
C-10025,maya,rossi,maya.rossi25@example.com,+41 79 125 25 75,zurich,ZH,2021-11-24,1175,core
C-10026,jonas,silva,jonas.silva26@example.com,+41 79 126 26 78,basel,BS,2021-12-07,1212,enterprise
C-10027,elena,patel,elena.patel27@example.com,+41 79 127 27 81,bern,BE,2021-12-20,1249,growth
C-10028,noah,brown,noah.brown28@example.com,+41 79 128 28 84,geneva,GE,2022-01-02,1286,core
C-10029,amara,martin,amara.martin29@example.com,+41 79 129 29 87,lausanne,VD,2022-01-15,1323,enterprise
C-10030,luca,müller,luca.müller30@example.com,+41 79 130 30 90,zurich,ZH,2022-01-28,1360,growth
C-10031,sofia,okafor,sofia.okafor31@example.com,+41 79 131 31 93,basel,BS,2022-02-10,1397,core
C-10032,avery,chen,avery.chen32@example.com,+41 79 132 32 96,bern,BE,2022-02-23,1434,enterprise
C-10033,maya,rossi,maya.rossi33@example.com,+41 79 133 33 99,geneva,GE,2022-03-08,1471,growth
C-10034,jonas,silva,jonas.silva34@example.com,Not provided,lausanne,VD,2022-03-21,1508,core
C-10035,elena,patel,elena.patel35@example.com,+41 79 135 35 05,zurich,ZH,2022-04-03,1545,enterprise
C-10036,noah,brown,noah.brown36@example.com,+41 79 136 36 08,basel,BS,2022-04-16,1582,growth
C-10037,amara,martin,amara.martin37@example.com,+41 79 137 37 11,bern,BE,2022-04-29,1619,core
C-10038,luca,müller,luca.müller38@example.com,+41 79 138 38 14,geneva,GE,2022-05-12,1656,enterprise
C-10039,sofia,okafor,sofia.okafor39@example.com,+41 79 139 39 17,lausanne,VD,2022-05-25,1693,growth
C-10040,avery,chen,avery.chen40@example.com,+41 79 140 40 20,zurich,ZH,2022-06-07,1730,core
C-10041,maya,rossi,maya.rossi41@example.com,+41 79 141 41 23,basel,BS,2022-06-20,1767,enterprise
C-10042,jonas,silva,jonas.silva42@example.com,+41 79 142 42 26,bern,BE,2022-07-03,1804,growth
C-10043,elena,patel,elena.patel43@example.com,+41 79 143 43 29,geneva,GE,2022-07-16,1841,core
C-10044,noah,brown,noah.brown44@example.com,+41 79 144 44 32,lausanne,VD,2022-07-29,1878,enterprise
C-10045,amara,martin,amara.martin45@example.com,+41 79 145 45 35,zurich,ZH,2022-08-11,1915,growth
C-10046,luca,müller,luca.müller46@example.com,+41 79 146 46 38,basel,BS,2022-08-24,1952,core
C-10047,sofia,okafor,sofia.okafor47@example.com,+41 79 147 47 41,bern,BE,2022-09-06,1989,enterprise
C-10048,avery,chen,avery.chen48@example.com,+41 79 148 48 44,geneva,GE,2022-09-19,2026,growth
C-10049,maya,rossi,maya.rossi49@example.com,+41 79 149 49 47,lausanne,VD,2022-10-02,2063,core
C-10050,jonas,silva,jonas.silva50@example.com,+41 79 150 50 50,zurich,ZH,2022-10-15,2100,enterprise
C-10051,elena,patel,elena.patel51@example.com,Not provided,basel,BS,2022-10-28,2137,growth
C-10052,noah,brown,noah.brown52@example.com,+41 79 152 52 56,bern,BE,2022-11-10,2174,core
C-10053,amara,martin,amara.martin53@example.com,+41 79 153 53 59,geneva,GE,2022-11-23,2211,enterprise
C-10054,luca,müller,luca.müller54@example.com,+41 79 154 54 62,lausanne,VD,2022-12-06,2248,growth
C-10055,sofia,okafor,sofia.okafor55@example.com,+41 79 155 55 65,zurich,ZH,2022-12-19,2285,core
C-10056,avery,chen,avery.chen56@example.com,+41 79 156 56 68,basel,BS,2023-01-01,2322,enterprise
C-10057,maya,rossi,maya.rossi57@example.com,+41 79 157 57 71,bern,BE,2023-01-14,2359,growth
C-10058,jonas,silva,jonas.silva58@example.com,+41 79 158 58 74,geneva,GE,2023-01-27,2396,core
C-10059,elena,patel,elena.patel59@example.com,+41 79 159 59 77,lausanne,VD,2023-02-09,2433,enterprise
C-10060,noah,brown,noah.brown60@example.com,+41 79 160 60 80,zurich,ZH,2023-02-22,2470,growth
C-10061,amara,martin,amara.martin61@example.com,+41 79 161 61 83,basel,BS,2023-03-07,2507,core
C-10062,luca,müller,luca.müller62@example.com,+41 79 162 62 86,bern,BE,2023-03-20,2544,enterprise
C-10063,sofia,okafor,sofia.okafor63@example.com,+41 79 163 63 89,geneva,GE,2023-04-02,2581,growth
C-10064,avery,chen,avery.chen64@example.com,+41 79 164 64 92,lausanne,VD,2023-04-15,2618,core
C-10065,maya,rossi,maya.rossi65@example.com,+41 79 165 65 95,zurich,ZH,2023-04-28,2655,enterprise
C-10066,jonas,silva,jonas.silva66@example.com,+41 79 166 66 98,basel,BS,2023-05-11,2692,growth
C-10067,elena,patel,elena.patel67@example.com,+41 79 167 67 01,bern,BE,2023-05-24,2729,core
C-10068,noah,brown,noah.brown68@example.com,Not provided,geneva,GE,2023-06-06,2766,enterprise
C-10069,amara,martin,amara.martin69@example.com,+41 79 169 69 07,lausanne,VD,2023-06-19,2803,growth
C-10070,luca,müller,luca.müller70@example.com,+41 79 170 70 10,zurich,ZH,2023-07-02,2840,core
C-10071,sofia,okafor,sofia.okafor71@example.com,+41 79 171 71 13,basel,BS,2023-07-15,2877,enterprise
C-10072,avery,chen,avery.chen72@example.com,+41 79 172 72 16,bern,BE,2023-07-28,2914,growth
C-10073,maya,rossi,maya.rossi73@example.com,+41 79 173 73 19,geneva,GE,2023-08-10,2951,core
C-10074,jonas,silva,jonas.silva74@example.com,+41 79 174 74 22,lausanne,VD,2023-08-23,2988,enterprise
C-10075,elena,patel,elena.patel75@example.com,+41 79 175 75 25,zurich,ZH,2023-09-05,3025,growth
C-10076,noah,brown,noah.brown76@example.com,+41 79 176 76 28,basel,BS,2023-09-18,3062,core
C-10077,amara,martin,amara.martin77@example.com,+41 79 177 77 31,bern,BE,2023-10-01,3099,enterprise
C-10078,luca,müller,luca.müller78@example.com,+41 79 178 78 34,geneva,GE,2023-10-14,3136,growth
C-10079,sofia,okafor,sofia.okafor79@example.com,+41 79 179 79 37,lausanne,VD,2023-10-27,3173,core
C-10080,avery,chen,avery.chen80@example.com,+41 79 180 80 40,zurich,ZH,2023-11-09,3210,enterprise
C-10081,maya,rossi,maya.rossi81@example.com,+41 79 181 81 43,basel,BS,2023-11-22,3247,growth
C-10082,jonas,silva,jonas.silva82@example.com,+41 79 182 82 46,bern,BE,2023-12-05,3284,core
C-10083,elena,patel,elena.patel83@example.com,+41 79 183 83 49,geneva,GE,2023-12-18,3321,enterprise
C-10084,noah,brown,noah.brown84@example.com,+41 79 184 84 52,lausanne,VD,2023-12-31,3358,growth
C-10085,amara,martin,amara.martin85@example.com,Not provided,zurich,ZH,2024-01-13,3395,core
C-10086,luca,müller,luca.müller86@example.com,+41 79 186 86 58,basel,BS,2024-01-26,3432,enterprise
C-10087,sofia,okafor,sofia.okafor87@example.com,+41 79 187 87 61,bern,BE,2024-02-08,3469,growth
C-10088,avery,chen,avery.chen88@example.com,+41 79 188 88 64,geneva,GE,2024-02-21,3506,core
C-10089,maya,rossi,maya.rossi89@example.com,+41 79 189 89 67,lausanne,VD,2024-03-05,3543,enterprise
C-10090,jonas,silva,jonas.silva90@example.com,+41 79 190 90 70,zurich,ZH,2024-03-18,3580,growth
C-10091,elena,patel,elena.patel91@example.com,+41 79 191 91 73,basel,BS,2024-03-31,3617,core
C-10092,noah,brown,noah.brown92@example.com,+41 79 192 92 76,bern,BE,2024-04-13,3654,enterprise
C-10093,amara,martin,amara.martin93@example.com,+41 79 193 93 79,geneva,GE,2024-04-26,3691,growth
C-10094,luca,müller,luca.müller94@example.com,+41 79 194 94 82,lausanne,VD,2024-05-09,3728,core
C-10095,sofia,okafor,sofia.okafor95@example.com,+41 79 195 95 85,zurich,ZH,2024-05-22,3765,enterprise
C-10096,avery,chen,avery.chen96@example.com,+41 79 196 96 88,basel,BS,2024-06-04,3802,growth
C-10097,maya,rossi,maya.rossi97@example.com,+41 79 197 97 91,bern,BE,2024-06-17,3839,core
C-10098,jonas,silva,jonas.silva98@example.com,+41 79 198 98 94,geneva,GE,2024-06-30,3876,enterprise
C-10099,elena,patel,elena.patel99@example.com,+41 79 199 99 97,lausanne,VD,2024-07-13,3913,growth
C-10100,noah,brown,noah.brown100@example.com,+41 79 200 00 00,zurich,ZH,2024-07-26,3950,core
C-10101,amara,martin,amara.martin101@example.com,+41 79 201 01 03,basel,BS,2024-08-08,3987,enterprise
C-10102,luca,müller,luca.müller102@example.com,Not provided,bern,BE,2024-08-21,4024,growth
C-10103,sofia,okafor,sofia.okafor103@example.com,+41 79 203 03 09,geneva,GE,2024-09-03,4061,core
C-10104,avery,chen,avery.chen104@example.com,+41 79 204 04 12,lausanne,VD,2024-09-16,4098,enterprise
C-10105,maya,rossi,maya.rossi105@example.com,+41 79 205 05 15,zurich,ZH,2024-09-29,4135,growth
C-10106,jonas,silva,jonas.silva106@example.com,+41 79 206 06 18,basel,BS,2024-10-12,4172,core
C-10107,elena,patel,elena.patel107@example.com,+41 79 207 07 21,bern,BE,2024-10-25,4209,enterprise
C-10108,noah,brown,noah.brown108@example.com,+41 79 208 08 24,geneva,GE,2024-11-07,4246,growth
C-10109,amara,martin,amara.martin109@example.com,+41 79 209 09 27,lausanne,VD,2024-11-20,4283,core
C-10110,luca,müller,luca.müller110@example.com,+41 79 210 10 30,zurich,ZH,2024-12-03,4320,enterprise
C-10111,sofia,okafor,sofia.okafor111@example.com,+41 79 211 11 33,basel,BS,2024-12-16,4357,growth
C-10112,avery,chen,avery.chen112@example.com,+41 79 212 12 36,bern,BE,2024-12-29,4394,core
C-10113,maya,rossi,maya.rossi113@example.com,+41 79 213 13 39,geneva,GE,2025-01-11,4431,enterprise
C-10114,jonas,silva,jonas.silva114@example.com,+41 79 214 14 42,lausanne,VD,2025-01-24,4468,growth
C-10115,elena,patel,elena.patel115@example.com,+41 79 215 15 45,zurich,ZH,2025-02-06,4505,core
C-10116,noah,brown,noah.brown116@example.com,+41 79 216 16 48,basel,BS,2025-02-19,4542,enterprise
C-10117,amara,martin,amara.martin117@example.com,+41 79 217 17 51,bern,BE,2025-03-04,4579,growth
C-10118,luca,müller,luca.müller118@example.com,+41 79 218 18 54,geneva,GE,2025-03-17,4616,core
C-10119,sofia,okafor,sofia.okafor119@example.com,Not provided,lausanne,VD,2025-03-30,4653,enterprise
C-10120,avery,chen,avery.chen120@example.com,+41 79 220 20 60,zurich,ZH,2025-04-12,4690,growth
C-10121,maya,rossi,maya.rossi121@example.com,+41 79 221 21 63,basel,BS,2025-04-25,4727,core
C-10122,jonas,silva,jonas.silva122@example.com,+41 79 222 22 66,bern,BE,2025-05-08,4764,enterprise
C-10123,elena,patel,elena.patel123@example.com,+41 79 223 23 69,geneva,GE,2025-05-21,4801,growth
C-10124,noah,brown,noah.brown124@example.com,+41 79 224 24 72,lausanne,VD,2025-06-03,4838,core
C-10125,amara,martin,amara.martin125@example.com,+41 79 225 25 75,zurich,ZH,2025-06-16,4875,enterprise
C-10126,luca,müller,luca.müller126@example.com,+41 79 226 26 78,basel,BS,2025-06-29,4912,growth
C-10127,sofia,okafor,sofia.okafor127@example.com,+41 79 227 27 81,bern,BE,2025-07-12,4949,core
C-10128,avery,chen,avery.chen128@example.com,+41 79 228 28 84,geneva,GE,2025-07-25,4986,enterprise
C-10129,maya,rossi,maya.rossi129@example.com,+41 79 229 29 87,lausanne,VD,2025-08-07,5023,growth
C-10130,jonas,silva,jonas.silva130@example.com,+41 79 230 30 90,zurich,ZH,2025-08-20,5060,core
C-10131,elena,patel,elena.patel131@example.com,+41 79 231 31 93,basel,BS,2025-09-02,5097,enterprise
C-10132,noah,brown,noah.brown132@example.com,+41 79 232 32 96,bern,BE,2025-09-15,5134,growth
C-10133,amara,martin,amara.martin133@example.com,+41 79 233 33 99,geneva,GE,2025-09-28,5171,core
C-10134,luca,müller,luca.müller134@example.com,+41 79 234 34 02,lausanne,VD,2025-10-11,5208,enterprise
C-10135,sofia,okafor,sofia.okafor135@example.com,+41 79 235 35 05,zurich,ZH,2025-10-24,5245,growth
C-10136,avery,chen,avery.chen136@example.com,Not provided,basel,BS,2025-11-06,5282,core
C-10137,maya,rossi,maya.rossi137@example.com,+41 79 237 37 11,bern,BE,2025-11-19,5319,enterprise
C-10138,jonas,silva,jonas.silva138@example.com,+41 79 238 38 14,geneva,GE,2025-12-02,5356,growth
C-10139,elena,patel,elena.patel139@example.com,+41 79 239 39 17,lausanne,VD,2021-01-10,5393,core
C-10140,noah,brown,noah.brown140@example.com,+41 79 240 40 20,zurich,ZH,2021-01-23,5430,enterprise
C-10141,amara,martin,amara.martin141@example.com,+41 79 241 41 23,basel,BS,2021-02-05,5467,growth
C-10142,luca,müller,luca.müller142@example.com,+41 79 242 42 26,bern,BE,2021-02-18,5504,core
C-10143,sofia,okafor,sofia.okafor143@example.com,+41 79 243 43 29,geneva,GE,2021-03-03,5541,enterprise
C-10144,avery,chen,avery.chen144@example.com,+41 79 244 44 32,lausanne,VD,2021-03-16,5578,growth
C-10145,maya,rossi,maya.rossi145@example.com,+41 79 245 45 35,zurich,ZH,2021-03-29,5615,core
C-10146,jonas,silva,jonas.silva146@example.com,+41 79 246 46 38,basel,BS,2021-04-11,5652,enterprise
C-10147,elena,patel,elena.patel147@example.com,+41 79 247 47 41,bern,BE,2021-04-24,5689,growth
C-10148,noah,brown,noah.brown148@example.com,+41 79 248 48 44,geneva,GE,2021-05-07,5726,core
C-10149,amara,martin,amara.martin149@example.com,+41 79 249 49 47,lausanne,VD,2021-05-20,5763,enterprise
C-10150,luca,müller,luca.müller150@example.com,+41 79 250 50 50,zurich,ZH,2021-06-02,5800,growth
C-10151,sofia,okafor,sofia.okafor151@example.com,+41 79 251 51 53,basel,BS,2021-06-15,5837,core
C-10152,avery,chen,avery.chen152@example.com,+41 79 252 52 56,bern,BE,2021-06-28,5874,enterprise
C-10153,maya,rossi,maya.rossi153@example.com,Not provided,geneva,GE,2021-07-11,5911,growth
C-10154,jonas,silva,jonas.silva154@example.com,+41 79 254 54 62,lausanne,VD,2021-07-24,5948,core
C-10155,elena,patel,elena.patel155@example.com,+41 79 255 55 65,zurich,ZH,2021-08-06,5985,enterprise
C-10156,noah,brown,noah.brown156@example.com,+41 79 256 56 68,basel,BS,2021-08-19,6022,growth
C-10157,amara,martin,amara.martin157@example.com,+41 79 257 57 71,bern,BE,2021-09-01,6059,core
C-10158,luca,müller,luca.müller158@example.com,+41 79 258 58 74,geneva,GE,2021-09-14,6096,enterprise
C-10159,sofia,okafor,sofia.okafor159@example.com,+41 79 259 59 77,lausanne,VD,2021-09-27,6133,growth
C-10160,avery,chen,avery.chen160@example.com,+41 79 260 60 80,zurich,ZH,2021-10-10,6170,core
C-10161,maya,rossi,maya.rossi161@example.com,+41 79 261 61 83,basel,BS,2021-10-23,6207,enterprise
C-10162,jonas,silva,jonas.silva162@example.com,+41 79 262 62 86,bern,BE,2021-11-05,6244,growth
C-10163,elena,patel,elena.patel163@example.com,+41 79 263 63 89,geneva,GE,2021-11-18,6281,core
C-10164,noah,brown,noah.brown164@example.com,+41 79 264 64 92,lausanne,VD,2021-12-01,6318,enterprise
C-10165,amara,martin,amara.martin165@example.com,+41 79 265 65 95,zurich,ZH,2021-12-14,6355,growth
C-10166,luca,müller,luca.müller166@example.com,+41 79 266 66 98,basel,BS,2021-12-27,6392,core
C-10167,sofia,okafor,sofia.okafor167@example.com,+41 79 267 67 01,bern,BE,2022-01-09,6429,enterprise
C-10168,avery,chen,avery.chen168@example.com,+41 79 268 68 04,geneva,GE,2022-01-22,6466,growth
C-10169,maya,rossi,maya.rossi169@example.com,+41 79 269 69 07,lausanne,VD,2022-02-04,6503,core
C-10170,jonas,silva,jonas.silva170@example.com,Not provided,zurich,ZH,2022-02-17,6540,enterprise
C-10171,elena,patel,elena.patel171@example.com,+41 79 271 71 13,basel,BS,2022-03-02,6577,growth
C-10172,noah,brown,noah.brown172@example.com,+41 79 272 72 16,bern,BE,2022-03-15,6614,core
C-10173,amara,martin,amara.martin173@example.com,+41 79 273 73 19,geneva,GE,2022-03-28,6651,enterprise
C-10174,luca,müller,luca.müller174@example.com,+41 79 274 74 22,lausanne,VD,2022-04-10,6688,growth
C-10175,sofia,okafor,sofia.okafor175@example.com,+41 79 275 75 25,zurich,ZH,2022-04-23,6725,core
C-10176,avery,chen,avery.chen176@example.com,+41 79 276 76 28,basel,BS,2022-05-06,6762,enterprise
C-10177,maya,rossi,maya.rossi177@example.com,+41 79 277 77 31,bern,BE,2022-05-19,6799,growth
C-10178,jonas,silva,jonas.silva178@example.com,+41 79 278 78 34,geneva,GE,2022-06-01,6836,core
C-10179,elena,patel,elena.patel179@example.com,+41 79 279 79 37,lausanne,VD,2022-06-14,6873,enterprise
C-10180,noah,brown,noah.brown180@example.com,+41 79 280 80 40,zurich,ZH,2022-06-27,6910,growth
C-10181,amara,martin,amara.martin181@example.com,+41 79 281 81 43,basel,BS,2022-07-10,6947,core
C-10182,luca,müller,luca.müller182@example.com,+41 79 282 82 46,bern,BE,2022-07-23,6984,enterprise
C-10183,sofia,okafor,sofia.okafor183@example.com,+41 79 283 83 49,geneva,GE,2022-08-05,7021,growth
C-10184,avery,chen,avery.chen184@example.com,+41 79 284 84 52,lausanne,VD,2022-08-18,7058,core
C-10185,maya,rossi,maya.rossi185@example.com,+41 79 285 85 55,zurich,ZH,2022-08-31,7095,enterprise
C-10186,jonas,silva,jonas.silva186@example.com,+41 79 286 86 58,basel,BS,2022-09-13,7132,growth
C-10187,elena,patel,elena.patel187@example.com,Not provided,bern,BE,2022-09-26,7169,core
C-10188,noah,brown,noah.brown188@example.com,+41 79 288 88 64,geneva,GE,2022-10-09,7206,enterprise
C-10189,amara,martin,amara.martin189@example.com,+41 79 289 89 67,lausanne,VD,2022-10-22,7243,growth
C-10190,luca,müller,luca.müller190@example.com,+41 79 290 90 70,zurich,ZH,2022-11-04,7280,core
C-10191,sofia,okafor,sofia.okafor191@example.com,+41 79 291 91 73,basel,BS,2022-11-17,7317,enterprise
C-10192,avery,chen,avery.chen192@example.com,+41 79 292 92 76,bern,BE,2022-11-30,7354,growth
C-10193,maya,rossi,maya.rossi193@example.com,+41 79 293 93 79,geneva,GE,2022-12-13,7391,core
C-10194,jonas,silva,jonas.silva194@example.com,+41 79 294 94 82,lausanne,VD,2022-12-26,7428,enterprise
C-10195,elena,patel,elena.patel195@example.com,+41 79 295 95 85,zurich,ZH,2023-01-08,7465,growth
C-10196,noah,brown,noah.brown196@example.com,+41 79 296 96 88,basel,BS,2023-01-21,7502,core
C-10197,amara,martin,amara.martin197@example.com,+41 79 297 97 91,bern,BE,2023-02-03,7539,enterprise
C-10198,luca,müller,luca.müller198@example.com,+41 79 298 98 94,geneva,GE,2023-02-16,7576,growth
C-10199,sofia,okafor,sofia.okafor199@example.com,+41 79 299 99 97,lausanne,VD,2023-03-01,7613,core
C-10200,avery,chen,avery.chen200@example.com,+41 79 300 00 00,zurich,ZH,2023-03-14,7650,enterprise
C-10201,maya,rossi,maya.rossi201@example.com,+41 79 301 01 03,basel,BS,2023-03-27,7687,growth
C-10202,jonas,silva,jonas.silva202@example.com,+41 79 302 02 06,bern,BE,2023-04-09,7724,core
C-10203,elena,patel,elena.patel203@example.com,+41 79 303 03 09,geneva,GE,2023-04-22,7761,enterprise
C-10204,noah,brown,noah.brown204@example.com,Not provided,lausanne,VD,2023-05-05,7798,growth
C-10205,amara,martin,amara.martin205@example.com,+41 79 305 05 15,zurich,ZH,2023-05-18,7835,core
C-10206,luca,müller,luca.müller206@example.com,+41 79 306 06 18,basel,BS,2023-05-31,7872,enterprise
C-10207,sofia,okafor,sofia.okafor207@example.com,+41 79 307 07 21,bern,BE,2023-06-13,7909,growth
C-10208,avery,chen,avery.chen208@example.com,+41 79 308 08 24,geneva,GE,2023-06-26,7946,core
C-10209,maya,rossi,maya.rossi209@example.com,+41 79 309 09 27,lausanne,VD,2023-07-09,7983,enterprise
C-10210,jonas,silva,jonas.silva210@example.com,+41 79 310 10 30,zurich,ZH,2023-07-22,8020,growth
C-10211,elena,patel,elena.patel211@example.com,+41 79 311 11 33,basel,BS,2023-08-04,8057,core
C-10212,noah,brown,noah.brown212@example.com,+41 79 312 12 36,bern,BE,2023-08-17,8094,enterprise
C-10213,amara,martin,amara.martin213@example.com,+41 79 313 13 39,geneva,GE,2023-08-30,8131,growth
C-10214,luca,müller,luca.müller214@example.com,+41 79 314 14 42,lausanne,VD,2023-09-12,8168,core
C-10215,sofia,okafor,sofia.okafor215@example.com,+41 79 315 15 45,zurich,ZH,2023-09-25,8205,enterprise
C-10216,avery,chen,avery.chen216@example.com,+41 79 316 16 48,basel,BS,2023-10-08,8242,growth
C-10217,maya,rossi,maya.rossi217@example.com,+41 79 317 17 51,bern,BE,2023-10-21,8279,core
C-10218,jonas,silva,jonas.silva218@example.com,+41 79 318 18 54,geneva,GE,2023-11-03,8316,enterprise
C-10219,elena,patel,elena.patel219@example.com,+41 79 319 19 57,lausanne,VD,2023-11-16,8353,growth
C-10220,noah,brown,noah.brown220@example.com,+41 79 320 20 60,zurich,ZH,2023-11-29,8390,core
C-10221,amara,martin,amara.martin221@example.com,Not provided,basel,BS,2023-12-12,8427,enterprise
C-10222,luca,müller,luca.müller222@example.com,+41 79 322 22 66,bern,BE,2023-12-25,8464,growth
C-10223,sofia,okafor,sofia.okafor223@example.com,+41 79 323 23 69,geneva,GE,2024-01-07,8501,core
C-10224,avery,chen,avery.chen224@example.com,+41 79 324 24 72,lausanne,VD,2024-01-20,8538,enterprise
C-10225,maya,rossi,maya.rossi225@example.com,+41 79 325 25 75,zurich,ZH,2024-02-02,8575,growth
C-10226,jonas,silva,jonas.silva226@example.com,+41 79 326 26 78,basel,BS,2024-02-15,8612,core
C-10227,elena,patel,elena.patel227@example.com,+41 79 327 27 81,bern,BE,2024-02-28,8649,enterprise
C-10228,noah,brown,noah.brown228@example.com,+41 79 328 28 84,geneva,GE,2024-03-12,8686,growth
C-10229,amara,martin,amara.martin229@example.com,+41 79 329 29 87,lausanne,VD,2024-03-25,8723,core
C-10230,luca,müller,luca.müller230@example.com,+41 79 330 30 90,zurich,ZH,2024-04-07,8760,enterprise
C-10231,sofia,okafor,sofia.okafor231@example.com,+41 79 331 31 93,basel,BS,2024-04-20,8797,growth
C-10232,avery,chen,avery.chen232@example.com,+41 79 332 32 96,bern,BE,2024-05-03,8834,core
C-10233,maya,rossi,maya.rossi233@example.com,+41 79 333 33 99,geneva,GE,2024-05-16,8871,enterprise
C-10234,jonas,silva,jonas.silva234@example.com,+41 79 334 34 02,lausanne,VD,2024-05-29,8908,growth
C-10235,elena,patel,elena.patel235@example.com,+41 79 335 35 05,zurich,ZH,2024-06-11,8945,core
C-10236,noah,brown,noah.brown236@example.com,+41 79 336 36 08,basel,BS,2024-06-24,8982,enterprise
C-10237,amara,martin,amara.martin237@example.com,+41 79 337 37 11,bern,BE,2024-07-07,9019,growth
C-10238,luca,müller,luca.müller238@example.com,Not provided,geneva,GE,2024-07-20,9056,core
C-10239,sofia,okafor,sofia.okafor239@example.com,+41 79 339 39 17,lausanne,VD,2024-08-02,9093,enterprise
C-10240,avery,chen,avery.chen240@example.com,+41 79 340 40 20,zurich,ZH,2024-08-15,9130,growth
C-10241,maya,rossi,maya.rossi241@example.com,+41 79 341 41 23,basel,BS,2024-08-28,9167,core
C-10242,jonas,silva,jonas.silva242@example.com,+41 79 342 42 26,bern,BE,2024-09-10,9204,enterprise
C-10243,elena,patel,elena.patel243@example.com,+41 79 343 43 29,geneva,GE,2024-09-23,9241,growth
C-10244,noah,brown,noah.brown244@example.com,+41 79 344 44 32,lausanne,VD,2024-10-06,9278,core
C-10245,amara,martin,amara.martin245@example.com,+41 79 345 45 35,zurich,ZH,2024-10-19,9315,enterprise
C-10246,luca,müller,luca.müller246@example.com,+41 79 346 46 38,basel,BS,2024-11-01,9352,growth
C-10247,sofia,okafor,sofia.okafor247@example.com,+41 79 347 47 41,bern,BE,2024-11-14,9389,core
C-10248,avery,chen,avery.chen248@example.com,+41 79 348 48 44,geneva,GE,2024-11-27,9426,enterprise
C-10249,maya,rossi,maya.rossi249@example.com,+41 79 349 49 47,lausanne,VD,2024-12-10,9463,growth
C-10250,jonas,silva,jonas.silva250@example.com,+41 79 350 50 50,zurich,ZH,2024-12-23,9500,core
C-10251,elena,patel,elena.patel251@example.com,+41 79 351 51 53,basel,BS,2025-01-05,9537,enterprise
C-10252,noah,brown,noah.brown252@example.com,+41 79 352 52 56,bern,BE,2025-01-18,9574,growth
C-10253,amara,martin,amara.martin253@example.com,+41 79 353 53 59,geneva,GE,2025-01-31,9611,core
C-10254,luca,müller,luca.müller254@example.com,+41 79 354 54 62,lausanne,VD,2025-02-13,9648,enterprise
C-10255,sofia,okafor,sofia.okafor255@example.com,Not provided,zurich,ZH,2025-02-26,9685,growth
C-10256,avery,chen,avery.chen256@example.com,+41 79 356 56 68,basel,BS,2025-03-11,9722,core
C-10257,maya,rossi,maya.rossi257@example.com,+41 79 357 57 71,bern,BE,2025-03-24,9759,enterprise
C-10258,jonas,silva,jonas.silva258@example.com,+41 79 358 58 74,geneva,GE,2025-04-06,9796,growth
C-10259,elena,patel,elena.patel259@example.com,+41 79 359 59 77,lausanne,VD,2025-04-19,9833,core
C-10260,noah,brown,noah.brown260@example.com,+41 79 360 60 80,zurich,ZH,2025-05-02,9870,enterprise
C-10261,amara,martin,amara.martin261@example.com,+41 79 361 61 83,basel,BS,2025-05-15,9907,growth
C-10262,luca,müller,luca.müller262@example.com,+41 79 362 62 86,bern,BE,2025-05-28,9944,core
C-10263,sofia,okafor,sofia.okafor263@example.com,+41 79 363 63 89,geneva,GE,2025-06-10,9981,enterprise
C-10264,avery,chen,avery.chen264@example.com,+41 79 364 64 92,lausanne,VD,2025-06-23,10018,growth
C-10265,maya,rossi,maya.rossi265@example.com,+41 79 365 65 95,zurich,ZH,2025-07-06,10055,core
C-10266,jonas,silva,jonas.silva266@example.com,+41 79 366 66 98,basel,BS,2025-07-19,10092,enterprise
C-10267,elena,patel,elena.patel267@example.com,+41 79 367 67 01,bern,BE,2025-08-01,10129,growth
C-10268,noah,brown,noah.brown268@example.com,+41 79 368 68 04,geneva,GE,2025-08-14,10166,core
C-10269,amara,martin,amara.martin269@example.com,+41 79 369 69 07,lausanne,VD,2025-08-27,10203,enterprise
C-10270,luca,müller,luca.müller270@example.com,+41 79 370 70 10,zurich,ZH,2025-09-09,10240,growth
C-10271,sofia,okafor,sofia.okafor271@example.com,+41 79 371 71 13,basel,BS,2025-09-22,10277,core
C-10272,avery,chen,avery.chen272@example.com,Not provided,bern,BE,2025-10-05,10314,enterprise
C-10273,maya,rossi,maya.rossi273@example.com,+41 79 373 73 19,geneva,GE,2025-10-18,10351,growth
C-10274,jonas,silva,jonas.silva274@example.com,+41 79 374 74 22,lausanne,VD,2025-10-31,10388,core
C-10275,elena,patel,elena.patel275@example.com,+41 79 375 75 25,zurich,ZH,2025-11-13,10425,enterprise
C-10276,noah,brown,noah.brown276@example.com,+41 79 376 76 28,basel,BS,2025-11-26,10462,growth
C-10277,amara,martin,amara.martin277@example.com,+41 79 377 77 31,bern,BE,2021-01-04,10499,core
C-10278,luca,müller,luca.müller278@example.com,+41 79 378 78 34,geneva,GE,2021-01-17,10536,enterprise
C-10279,sofia,okafor,sofia.okafor279@example.com,+41 79 379 79 37,lausanne,VD,2021-01-30,10573,growth
C-10280,avery,chen,avery.chen280@example.com,+41 79 380 80 40,zurich,ZH,2021-02-12,10610,core
C-10281,maya,rossi,maya.rossi281@example.com,+41 79 381 81 43,basel,BS,2021-02-25,10647,enterprise
C-10282,jonas,silva,jonas.silva282@example.com,+41 79 382 82 46,bern,BE,2021-03-10,10684,growth
C-10283,elena,patel,elena.patel283@example.com,+41 79 383 83 49,geneva,GE,2021-03-23,10721,core
C-10284,noah,brown,noah.brown284@example.com,+41 79 384 84 52,lausanne,VD,2021-04-05,10758,enterprise
C-10285,amara,martin,amara.martin285@example.com,+41 79 385 85 55,zurich,ZH,2021-04-18,10795,growth
C-10286,luca,müller,luca.müller286@example.com,+41 79 386 86 58,basel,BS,2021-05-01,10832,core
C-10287,sofia,okafor,sofia.okafor287@example.com,+41 79 387 87 61,bern,BE,2021-05-14,10869,enterprise
C-10288,avery,chen,avery.chen288@example.com,+41 79 388 88 64,geneva,GE,2021-05-27,10906,growth
C-10289,maya,rossi,maya.rossi289@example.com,Not provided,lausanne,VD,2021-06-09,10943,core
C-10290,jonas,silva,jonas.silva290@example.com,+41 79 390 90 70,zurich,ZH,2021-06-22,10980,enterprise
C-10291,elena,patel,elena.patel291@example.com,+41 79 391 91 73,basel,BS,2021-07-05,11017,growth
C-10292,noah,brown,noah.brown292@example.com,+41 79 392 92 76,bern,BE,2021-07-18,11054,core
C-10293,amara,martin,amara.martin293@example.com,+41 79 393 93 79,geneva,GE,2021-07-31,11091,enterprise
C-10294,luca,müller,luca.müller294@example.com,+41 79 394 94 82,lausanne,VD,2021-08-13,11128,growth
C-10295,sofia,okafor,sofia.okafor295@example.com,+41 79 395 95 85,zurich,ZH,2021-08-26,11165,core
C-10296,avery,chen,avery.chen296@example.com,+41 79 396 96 88,basel,BS,2021-09-08,11202,enterprise
C-10297,maya,rossi,maya.rossi297@example.com,+41 79 397 97 91,bern,BE,2021-09-21,11239,growth
C-10298,jonas,silva,jonas.silva298@example.com,+41 79 398 98 94,geneva,GE,2021-10-04,11276,core
C-10299,elena,patel,elena.patel299@example.com,+41 79 399 99 97,lausanne,VD,2021-10-17,11313,enterprise
C-10300,noah,brown,noah.brown300@example.com,+41 79 400 00 00,zurich,ZH,2021-10-30,11350,growth
C-10301,amara,martin,amara.martin301@example.com,+41 79 401 01 03,basel,BS,2021-11-12,11387,core
C-10302,luca,müller,luca.müller302@example.com,+41 79 402 02 06,bern,BE,2021-11-25,11424,enterprise
C-10303,sofia,okafor,sofia.okafor303@example.com,+41 79 403 03 09,geneva,GE,2021-12-08,11461,growth
C-10304,avery,chen,avery.chen304@example.com,+41 79 404 04 12,lausanne,VD,2021-12-21,11498,core
C-10305,maya,rossi,maya.rossi305@example.com,+41 79 405 05 15,zurich,ZH,2022-01-03,11535,enterprise
C-10306,jonas,silva,jonas.silva306@example.com,Not provided,basel,BS,2022-01-16,11572,growth
C-10307,elena,patel,elena.patel307@example.com,+41 79 407 07 21,bern,BE,2022-01-29,11609,core
C-10308,noah,brown,noah.brown308@example.com,+41 79 408 08 24,geneva,GE,2022-02-11,11646,enterprise
C-10309,amara,martin,amara.martin309@example.com,+41 79 409 09 27,lausanne,VD,2022-02-24,11683,growth
C-10310,luca,müller,luca.müller310@example.com,+41 79 410 10 30,zurich,ZH,2022-03-09,11720,core
C-10311,sofia,okafor,sofia.okafor311@example.com,+41 79 411 11 33,basel,BS,2022-03-22,11757,enterprise
C-10312,avery,chen,avery.chen312@example.com,+41 79 412 12 36,bern,BE,2022-04-04,11794,growth
C-10313,maya,rossi,maya.rossi313@example.com,+41 79 413 13 39,geneva,GE,2022-04-17,11831,core
C-10314,jonas,silva,jonas.silva314@example.com,+41 79 414 14 42,lausanne,VD,2022-04-30,11868,enterprise
C-10315,elena,patel,elena.patel315@example.com,+41 79 415 15 45,zurich,ZH,2022-05-13,11905,growth
C-10316,noah,brown,noah.brown316@example.com,+41 79 416 16 48,basel,BS,2022-05-26,11942,core
C-10317,amara,martin,amara.martin317@example.com,+41 79 417 17 51,bern,BE,2022-06-08,11979,enterprise
C-10318,luca,müller,luca.müller318@example.com,+41 79 418 18 54,geneva,GE,2022-06-21,12016,growth
C-10319,sofia,okafor,sofia.okafor319@example.com,+41 79 419 19 57,lausanne,VD,2022-07-04,12053,core
C-10320,avery,chen,avery.chen320@example.com,+41 79 420 20 60,zurich,ZH,2022-07-17,12090,enterprise
C-10321,maya,rossi,maya.rossi321@example.com,+41 79 421 21 63,basel,BS,2022-07-30,12127,growth
C-10322,jonas,silva,jonas.silva322@example.com,+41 79 422 22 66,bern,BE,2022-08-12,12164,core
C-10323,elena,patel,elena.patel323@example.com,Not provided,geneva,GE,2022-08-25,12201,enterprise
C-10324,noah,brown,noah.brown324@example.com,+41 79 424 24 72,lausanne,VD,2022-09-07,12238,growth
C-10325,amara,martin,amara.martin325@example.com,+41 79 425 25 75,zurich,ZH,2022-09-20,275,core
C-10326,luca,müller,luca.müller326@example.com,+41 79 426 26 78,basel,BS,2022-10-03,312,enterprise
C-10327,sofia,okafor,sofia.okafor327@example.com,+41 79 427 27 81,bern,BE,2022-10-16,349,growth
C-10328,avery,chen,avery.chen328@example.com,+41 79 428 28 84,geneva,GE,2022-10-29,386,core
C-10329,maya,rossi,maya.rossi329@example.com,+41 79 429 29 87,lausanne,VD,2022-11-11,423,enterprise
C-10330,jonas,silva,jonas.silva330@example.com,+41 79 430 30 90,zurich,ZH,2022-11-24,460,growth
C-10331,elena,patel,elena.patel331@example.com,+41 79 431 31 93,basel,BS,2022-12-07,497,core
C-10332,noah,brown,noah.brown332@example.com,+41 79 432 32 96,bern,BE,2022-12-20,534,enterprise
C-10333,amara,martin,amara.martin333@example.com,+41 79 433 33 99,geneva,GE,2023-01-02,571,growth
C-10334,luca,müller,luca.müller334@example.com,+41 79 434 34 02,lausanne,VD,2023-01-15,608,core
C-10335,sofia,okafor,sofia.okafor335@example.com,+41 79 435 35 05,zurich,ZH,2023-01-28,645,enterprise
C-10336,avery,chen,avery.chen336@example.com,+41 79 436 36 08,basel,BS,2023-02-10,682,growth
C-10337,maya,rossi,maya.rossi337@example.com,+41 79 437 37 11,bern,BE,2023-02-23,719,core
C-10338,jonas,silva,jonas.silva338@example.com,+41 79 438 38 14,geneva,GE,2023-03-08,756,enterprise
C-10339,elena,patel,elena.patel339@example.com,+41 79 439 39 17,lausanne,VD,2023-03-21,793,growth
C-10340,noah,brown,noah.brown340@example.com,Not provided,zurich,ZH,2023-04-03,830,core
C-10341,amara,martin,amara.martin341@example.com,+41 79 441 41 23,basel,BS,2023-04-16,867,enterprise
C-10342,luca,müller,luca.müller342@example.com,+41 79 442 42 26,bern,BE,2023-04-29,904,growth
C-10343,sofia,okafor,sofia.okafor343@example.com,+41 79 443 43 29,geneva,GE,2023-05-12,941,core
C-10344,avery,chen,avery.chen344@example.com,+41 79 444 44 32,lausanne,VD,2023-05-25,978,enterprise
C-10345,maya,rossi,maya.rossi345@example.com,+41 79 445 45 35,zurich,ZH,2023-06-07,1015,growth
C-10346,jonas,silva,jonas.silva346@example.com,+41 79 446 46 38,basel,BS,2023-06-20,1052,core
C-10347,elena,patel,elena.patel347@example.com,+41 79 447 47 41,bern,BE,2023-07-03,1089,enterprise
C-10348,noah,brown,noah.brown348@example.com,+41 79 448 48 44,geneva,GE,2023-07-16,1126,growth
C-10349,amara,martin,amara.martin349@example.com,+41 79 449 49 47,lausanne,VD,2023-07-29,1163,core
C-10350,luca,müller,luca.müller350@example.com,+41 79 450 50 50,zurich,ZH,2023-08-11,1200,enterprise
C-10351,sofia,okafor,sofia.okafor351@example.com,+41 79 451 51 53,basel,BS,2023-08-24,1237,growth
C-10352,avery,chen,avery.chen352@example.com,+41 79 452 52 56,bern,BE,2023-09-06,1274,core
C-10353,maya,rossi,maya.rossi353@example.com,+41 79 453 53 59,geneva,GE,2023-09-19,1311,enterprise
C-10354,jonas,silva,jonas.silva354@example.com,+41 79 454 54 62,lausanne,VD,2023-10-02,1348,growth
C-10355,elena,patel,elena.patel355@example.com,+41 79 455 55 65,zurich,ZH,2023-10-15,1385,core
C-10356,noah,brown,noah.brown356@example.com,+41 79 456 56 68,basel,BS,2023-10-28,1422,enterprise
C-10357,amara,martin,amara.martin357@example.com,Not provided,bern,BE,2023-11-10,1459,growth
C-10358,luca,müller,luca.müller358@example.com,+41 79 458 58 74,geneva,GE,2023-11-23,1496,core
C-10359,sofia,okafor,sofia.okafor359@example.com,+41 79 459 59 77,lausanne,VD,2023-12-06,1533,enterprise
C-10360,avery,chen,avery.chen360@example.com,+41 79 460 60 80,zurich,ZH,2023-12-19,1570,growth
C-10361,maya,rossi,maya.rossi361@example.com,+41 79 461 61 83,basel,BS,2024-01-01,1607,core
C-10362,jonas,silva,jonas.silva362@example.com,+41 79 462 62 86,bern,BE,2024-01-14,1644,enterprise
C-10363,elena,patel,elena.patel363@example.com,+41 79 463 63 89,geneva,GE,2024-01-27,1681,growth
C-10364,noah,brown,noah.brown364@example.com,+41 79 464 64 92,lausanne,VD,2024-02-09,1718,core
C-10365,amara,martin,amara.martin365@example.com,+41 79 465 65 95,zurich,ZH,2024-02-22,1755,enterprise
C-10366,luca,müller,luca.müller366@example.com,+41 79 466 66 98,basel,BS,2024-03-06,1792,growth
C-10367,sofia,okafor,sofia.okafor367@example.com,+41 79 467 67 01,bern,BE,2024-03-19,1829,core
C-10368,avery,chen,avery.chen368@example.com,+41 79 468 68 04,geneva,GE,2024-04-01,1866,enterprise
C-10369,maya,rossi,maya.rossi369@example.com,+41 79 469 69 07,lausanne,VD,2024-04-14,1903,growth
C-10370,jonas,silva,jonas.silva370@example.com,+41 79 470 70 10,zurich,ZH,2024-04-27,1940,core
C-10371,elena,patel,elena.patel371@example.com,+41 79 471 71 13,basel,BS,2024-05-10,1977,enterprise
C-10372,noah,brown,noah.brown372@example.com,+41 79 472 72 16,bern,BE,2024-05-23,2014,growth
C-10373,amara,martin,amara.martin373@example.com,+41 79 473 73 19,geneva,GE,2024-06-05,2051,core
C-10374,luca,müller,luca.müller374@example.com,Not provided,lausanne,VD,2024-06-18,2088,enterprise
C-10375,sofia,okafor,sofia.okafor375@example.com,+41 79 475 75 25,zurich,ZH,2024-07-01,2125,growth
C-10376,avery,chen,avery.chen376@example.com,+41 79 476 76 28,basel,BS,2024-07-14,2162,core
C-10377,maya,rossi,maya.rossi377@example.com,+41 79 477 77 31,bern,BE,2024-07-27,2199,enterprise
C-10378,jonas,silva,jonas.silva378@example.com,+41 79 478 78 34,geneva,GE,2024-08-09,2236,growth
C-10379,elena,patel,elena.patel379@example.com,+41 79 479 79 37,lausanne,VD,2024-08-22,2273,core
C-10380,noah,brown,noah.brown380@example.com,+41 79 480 80 40,zurich,ZH,2024-09-04,2310,enterprise
C-10381,amara,martin,amara.martin381@example.com,+41 79 481 81 43,basel,BS,2024-09-17,2347,growth
C-10382,luca,müller,luca.müller382@example.com,+41 79 482 82 46,bern,BE,2024-09-30,2384,core
C-10383,sofia,okafor,sofia.okafor383@example.com,+41 79 483 83 49,geneva,GE,2024-10-13,2421,enterprise
C-10384,avery,chen,avery.chen384@example.com,+41 79 484 84 52,lausanne,VD,2024-10-26,2458,growth
C-10385,maya,rossi,maya.rossi385@example.com,+41 79 485 85 55,zurich,ZH,2024-11-08,2495,core
C-10386,jonas,silva,jonas.silva386@example.com,+41 79 486 86 58,basel,BS,2024-11-21,2532,enterprise
C-10387,elena,patel,elena.patel387@example.com,+41 79 487 87 61,bern,BE,2024-12-04,2569,growth
C-10388,noah,brown,noah.brown388@example.com,+41 79 488 88 64,geneva,GE,2024-12-17,2606,core
C-10389,amara,martin,amara.martin389@example.com,+41 79 489 89 67,lausanne,VD,2024-12-30,2643,enterprise
C-10390,luca,müller,luca.müller390@example.com,+41 79 490 90 70,zurich,ZH,2025-01-12,2680,growth
C-10391,sofia,okafor,sofia.okafor391@example.com,Not provided,basel,BS,2025-01-25,2717,core
C-10392,avery,chen,avery.chen392@example.com,+41 79 492 92 76,bern,BE,2025-02-07,2754,enterprise
C-10393,maya,rossi,maya.rossi393@example.com,+41 79 493 93 79,geneva,GE,2025-02-20,2791,growth
C-10394,jonas,silva,jonas.silva394@example.com,+41 79 494 94 82,lausanne,VD,2025-03-05,2828,core
C-10395,elena,patel,elena.patel395@example.com,+41 79 495 95 85,zurich,ZH,2025-03-18,2865,enterprise
C-10396,noah,brown,noah.brown396@example.com,+41 79 496 96 88,basel,BS,2025-03-31,2902,growth
C-10397,amara,martin,amara.martin397@example.com,+41 79 497 97 91,bern,BE,2025-04-13,2939,core
C-10398,luca,müller,luca.müller398@example.com,+41 79 498 98 94,geneva,GE,2025-04-26,2976,enterprise
C-10399,sofia,okafor,sofia.okafor399@example.com,+41 79 499 99 97,lausanne,VD,2025-05-09,3013,growth
C-10400,avery,chen,avery.chen400@example.com,+41 79 500 00 00,zurich,ZH,2025-05-22,3050,core
C-10401,maya,rossi,maya.rossi401@example.com,+41 79 501 01 03,basel,BS,2025-06-04,3087,enterprise
C-10402,jonas,silva,jonas.silva402@example.com,+41 79 502 02 06,bern,BE,2025-06-17,3124,growth
C-10403,elena,patel,elena.patel403@example.com,+41 79 503 03 09,geneva,GE,2025-06-30,3161,core
C-10404,noah,brown,noah.brown404@example.com,+41 79 504 04 12,lausanne,VD,2025-07-13,3198,enterprise
C-10405,amara,martin,amara.martin405@example.com,+41 79 505 05 15,zurich,ZH,2025-07-26,3235,growth
C-10406,luca,müller,luca.müller406@example.com,+41 79 506 06 18,basel,BS,2025-08-08,3272,core
C-10407,sofia,okafor,sofia.okafor407@example.com,+41 79 507 07 21,bern,BE,2025-08-21,3309,enterprise
C-10408,avery,chen,avery.chen408@example.com,Not provided,geneva,GE,2025-09-03,3346,growth
C-10409,maya,rossi,maya.rossi409@example.com,+41 79 509 09 27,lausanne,VD,2025-09-16,3383,core
C-10410,jonas,silva,jonas.silva410@example.com,+41 79 510 10 30,zurich,ZH,2025-09-29,3420,enterprise
C-10411,elena,patel,elena.patel411@example.com,+41 79 511 11 33,basel,BS,2025-10-12,3457,growth
C-10412,noah,brown,noah.brown412@example.com,+41 79 512 12 36,bern,BE,2025-10-25,3494,core
C-10413,amara,martin,amara.martin413@example.com,+41 79 513 13 39,geneva,GE,2025-11-07,3531,enterprise
C-10414,luca,müller,luca.müller414@example.com,+41 79 514 14 42,lausanne,VD,2025-11-20,3568,growth
C-10415,sofia,okafor,sofia.okafor415@example.com,+41 79 515 15 45,zurich,ZH,2025-12-03,3605,core
C-10416,avery,chen,avery.chen416@example.com,+41 79 516 16 48,basel,BS,2021-01-11,3642,enterprise
C-10417,maya,rossi,maya.rossi417@example.com,+41 79 517 17 51,bern,BE,2021-01-24,3679,growth
C-10418,jonas,silva,jonas.silva418@example.com,+41 79 518 18 54,geneva,GE,2021-02-06,3716,core
C-10419,elena,patel,elena.patel419@example.com,+41 79 519 19 57,lausanne,VD,2021-02-19,3753,enterprise
C-10420,noah,brown,noah.brown420@example.com,+41 79 520 20 60,zurich,ZH,2021-03-04,3790,growth
C-10421,amara,martin,amara.martin421@example.com,+41 79 521 21 63,basel,BS,2021-03-17,3827,core
C-10422,luca,müller,luca.müller422@example.com,+41 79 522 22 66,bern,BE,2021-03-30,3864,enterprise
C-10423,sofia,okafor,sofia.okafor423@example.com,+41 79 523 23 69,geneva,GE,2021-04-12,3901,growth
C-10424,avery,chen,avery.chen424@example.com,+41 79 524 24 72,lausanne,VD,2021-04-25,3938,core
C-10425,maya,rossi,maya.rossi425@example.com,Not provided,zurich,ZH,2021-05-08,3975,enterprise
C-10426,jonas,silva,jonas.silva426@example.com,+41 79 526 26 78,basel,BS,2021-05-21,4012,growth
C-10427,elena,patel,elena.patel427@example.com,+41 79 527 27 81,bern,BE,2021-06-03,4049,core
C-10428,noah,brown,noah.brown428@example.com,+41 79 528 28 84,geneva,GE,2021-06-16,4086,enterprise
C-10429,amara,martin,amara.martin429@example.com,+41 79 529 29 87,lausanne,VD,2021-06-29,4123,growth
C-10430,luca,müller,luca.müller430@example.com,+41 79 530 30 90,zurich,ZH,2021-07-12,4160,core
C-10431,sofia,okafor,sofia.okafor431@example.com,+41 79 531 31 93,basel,BS,2021-07-25,4197,enterprise
C-10432,avery,chen,avery.chen432@example.com,+41 79 532 32 96,bern,BE,2021-08-07,4234,growth
C-10433,maya,rossi,maya.rossi433@example.com,+41 79 533 33 99,geneva,GE,2021-08-20,4271,core
C-10434,jonas,silva,jonas.silva434@example.com,+41 79 534 34 02,lausanne,VD,2021-09-02,4308,enterprise
C-10435,elena,patel,elena.patel435@example.com,+41 79 535 35 05,zurich,ZH,2021-09-15,4345,growth
C-10436,noah,brown,noah.brown436@example.com,+41 79 536 36 08,basel,BS,2021-09-28,4382,core
C-10437,amara,martin,amara.martin437@example.com,+41 79 537 37 11,bern,BE,2021-10-11,4419,enterprise
C-10438,luca,müller,luca.müller438@example.com,+41 79 538 38 14,geneva,GE,2021-10-24,4456,growth
C-10439,sofia,okafor,sofia.okafor439@example.com,+41 79 539 39 17,lausanne,VD,2021-11-06,4493,core
C-10440,avery,chen,avery.chen440@example.com,+41 79 540 40 20,zurich,ZH,2021-11-19,4530,enterprise
C-10441,maya,rossi,maya.rossi441@example.com,+41 79 541 41 23,basel,BS,2021-12-02,4567,growth
C-10442,jonas,silva,jonas.silva442@example.com,Not provided,bern,BE,2021-12-15,4604,core
C-10443,elena,patel,elena.patel443@example.com,+41 79 543 43 29,geneva,GE,2021-12-28,4641,enterprise
C-10444,noah,brown,noah.brown444@example.com,+41 79 544 44 32,lausanne,VD,2022-01-10,4678,growth
C-10445,amara,martin,amara.martin445@example.com,+41 79 545 45 35,zurich,ZH,2022-01-23,4715,core
C-10446,luca,müller,luca.müller446@example.com,+41 79 546 46 38,basel,BS,2022-02-05,4752,enterprise
C-10447,sofia,okafor,sofia.okafor447@example.com,+41 79 547 47 41,bern,BE,2022-02-18,4789,growth
C-10448,avery,chen,avery.chen448@example.com,+41 79 548 48 44,geneva,GE,2022-03-03,4826,core
C-10449,maya,rossi,maya.rossi449@example.com,+41 79 549 49 47,lausanne,VD,2022-03-16,4863,enterprise
C-10450,jonas,silva,jonas.silva450@example.com,+41 79 550 50 50,zurich,ZH,2022-03-29,4900,growth
C-10451,elena,patel,elena.patel451@example.com,+41 79 551 51 53,basel,BS,2022-04-11,4937,core
C-10452,noah,brown,noah.brown452@example.com,+41 79 552 52 56,bern,BE,2022-04-24,4974,enterprise
C-10453,amara,martin,amara.martin453@example.com,+41 79 553 53 59,geneva,GE,2022-05-07,5011,growth
C-10454,luca,müller,luca.müller454@example.com,+41 79 554 54 62,lausanne,VD,2022-05-20,5048,core
C-10455,sofia,okafor,sofia.okafor455@example.com,+41 79 555 55 65,zurich,ZH,2022-06-02,5085,enterprise
C-10456,avery,chen,avery.chen456@example.com,+41 79 556 56 68,basel,BS,2022-06-15,5122,growth
C-10457,maya,rossi,maya.rossi457@example.com,+41 79 557 57 71,bern,BE,2022-06-28,5159,core
C-10458,jonas,silva,jonas.silva458@example.com,+41 79 558 58 74,geneva,GE,2022-07-11,5196,enterprise
C-10459,elena,patel,elena.patel459@example.com,Not provided,lausanne,VD,2022-07-24,5233,growth
C-10460,noah,brown,noah.brown460@example.com,+41 79 560 60 80,zurich,ZH,2022-08-06,5270,core
C-10461,amara,martin,amara.martin461@example.com,+41 79 561 61 83,basel,BS,2022-08-19,5307,enterprise
C-10462,luca,müller,luca.müller462@example.com,+41 79 562 62 86,bern,BE,2022-09-01,5344,growth
C-10463,sofia,okafor,sofia.okafor463@example.com,+41 79 563 63 89,geneva,GE,2022-09-14,5381,core
C-10464,avery,chen,avery.chen464@example.com,+41 79 564 64 92,lausanne,VD,2022-09-27,5418,enterprise
C-10465,maya,rossi,maya.rossi465@example.com,+41 79 565 65 95,zurich,ZH,2022-10-10,5455,growth
C-10466,jonas,silva,jonas.silva466@example.com,+41 79 566 66 98,basel,BS,2022-10-23,5492,core
C-10467,elena,patel,elena.patel467@example.com,+41 79 567 67 01,bern,BE,2022-11-05,5529,enterprise
C-10468,noah,brown,noah.brown468@example.com,+41 79 568 68 04,geneva,GE,2022-11-18,5566,growth
C-10469,amara,martin,amara.martin469@example.com,+41 79 569 69 07,lausanne,VD,2022-12-01,5603,core
C-10470,luca,müller,luca.müller470@example.com,+41 79 570 70 10,zurich,ZH,2022-12-14,5640,enterprise
C-10471,sofia,okafor,sofia.okafor471@example.com,+41 79 571 71 13,basel,BS,2022-12-27,5677,growth
C-10472,avery,chen,avery.chen472@example.com,+41 79 572 72 16,bern,BE,2023-01-09,5714,core
C-10473,maya,rossi,maya.rossi473@example.com,+41 79 573 73 19,geneva,GE,2023-01-22,5751,enterprise
C-10474,jonas,silva,jonas.silva474@example.com,+41 79 574 74 22,lausanne,VD,2023-02-04,5788,growth
C-10475,elena,patel,elena.patel475@example.com,+41 79 575 75 25,zurich,ZH,2023-02-17,5825,core
C-10476,noah,brown,noah.brown476@example.com,Not provided,basel,BS,2023-03-02,5862,enterprise
C-10477,amara,martin,amara.martin477@example.com,+41 79 577 77 31,bern,BE,2023-03-15,5899,growth
C-10478,luca,müller,luca.müller478@example.com,+41 79 578 78 34,geneva,GE,2023-03-28,5936,core
C-10479,sofia,okafor,sofia.okafor479@example.com,+41 79 579 79 37,lausanne,VD,2023-04-10,5973,enterprise
C-10480,avery,chen,avery.chen480@example.com,+41 79 580 80 40,zurich,ZH,2023-04-23,6010,growth
C-10481,maya,rossi,maya.rossi481@example.com,+41 79 581 81 43,basel,BS,2023-05-06,6047,core
C-10482,jonas,silva,jonas.silva482@example.com,+41 79 582 82 46,bern,BE,2023-05-19,6084,enterprise
C-10483,elena,patel,elena.patel483@example.com,+41 79 583 83 49,geneva,GE,2023-06-01,6121,growth
C-10484,noah,brown,noah.brown484@example.com,+41 79 584 84 52,lausanne,VD,2023-06-14,6158,core
C-10485,amara,martin,amara.martin485@example.com,+41 79 585 85 55,zurich,ZH,2023-06-27,6195,enterprise
C-10486,luca,müller,luca.müller486@example.com,+41 79 586 86 58,basel,BS,2023-07-10,6232,growth
C-10487,sofia,okafor,sofia.okafor487@example.com,+41 79 587 87 61,bern,BE,2023-07-23,6269,core
C-10488,avery,chen,avery.chen488@example.com,+41 79 588 88 64,geneva,GE,2023-08-05,6306,enterprise
C-10489,maya,rossi,maya.rossi489@example.com,+41 79 589 89 67,lausanne,VD,2023-08-18,6343,growth
C-10490,jonas,silva,jonas.silva490@example.com,+41 79 590 90 70,zurich,ZH,2023-08-31,6380,core
C-10491,elena,patel,elena.patel491@example.com,+41 79 591 91 73,basel,BS,2023-09-13,6417,enterprise
C-10492,noah,brown,noah.brown492@example.com,+41 79 592 92 76,bern,BE,2023-09-26,6454,growth
C-10493,amara,martin,amara.martin493@example.com,Not provided,geneva,GE,2023-10-09,6491,core
C-10494,luca,müller,luca.müller494@example.com,+41 79 594 94 82,lausanne,VD,2023-10-22,6528,enterprise
C-10495,sofia,okafor,sofia.okafor495@example.com,+41 79 595 95 85,zurich,ZH,2023-11-04,6565,growth
C-10496,avery,chen,avery.chen496@example.com,+41 79 596 96 88,basel,BS,2023-11-17,6602,core
C-10497,maya,rossi,maya.rossi497@example.com,+41 79 597 97 91,bern,BE,2023-11-30,6639,enterprise
C-10498,jonas,silva,jonas.silva498@example.com,+41 79 598 98 94,geneva,GE,2023-12-13,6676,growth
C-10499,elena,patel,elena.patel499@example.com,+41 79 599 99 97,lausanne,VD,2023-12-26,6713,core
C-10500,noah,brown,noah.brown500@example.com,+41 79 600 00 00,zurich,ZH,2024-01-08,6750,enterprise
C-10501,amara,martin,amara.martin501@example.com,+41 79 601 01 03,basel,BS,2024-01-21,6787,growth
C-10502,luca,müller,luca.müller502@example.com,+41 79 602 02 06,bern,BE,2024-02-03,6824,core
C-10503,sofia,okafor,sofia.okafor503@example.com,+41 79 603 03 09,geneva,GE,2024-02-16,6861,enterprise
C-10504,avery,chen,avery.chen504@example.com,+41 79 604 04 12,lausanne,VD,2024-02-29,6898,growth
C-10505,maya,rossi,maya.rossi505@example.com,+41 79 605 05 15,zurich,ZH,2024-03-13,6935,core
C-10506,jonas,silva,jonas.silva506@example.com,+41 79 606 06 18,basel,BS,2024-03-26,6972,enterprise
C-10507,elena,patel,elena.patel507@example.com,+41 79 607 07 21,bern,BE,2024-04-08,7009,growth
C-10508,noah,brown,noah.brown508@example.com,+41 79 608 08 24,geneva,GE,2024-04-21,7046,core
C-10509,amara,martin,amara.martin509@example.com,+41 79 609 09 27,lausanne,VD,2024-05-04,7083,enterprise
C-10510,luca,müller,luca.müller510@example.com,Not provided,zurich,ZH,2024-05-17,7120,growth
C-10511,sofia,okafor,sofia.okafor511@example.com,+41 79 611 11 33,basel,BS,2024-05-30,7157,core
C-10512,avery,chen,avery.chen512@example.com,+41 79 612 12 36,bern,BE,2024-06-12,7194,enterprise
C-10513,maya,rossi,maya.rossi513@example.com,+41 79 613 13 39,geneva,GE,2024-06-25,7231,growth
C-10514,jonas,silva,jonas.silva514@example.com,+41 79 614 14 42,lausanne,VD,2024-07-08,7268,core
C-10515,elena,patel,elena.patel515@example.com,+41 79 615 15 45,zurich,ZH,2024-07-21,7305,enterprise
C-10516,noah,brown,noah.brown516@example.com,+41 79 616 16 48,basel,BS,2024-08-03,7342,growth
C-10517,amara,martin,amara.martin517@example.com,+41 79 617 17 51,bern,BE,2024-08-16,7379,core
C-10518,luca,müller,luca.müller518@example.com,+41 79 618 18 54,geneva,GE,2024-08-29,7416,enterprise
C-10519,sofia,okafor,sofia.okafor519@example.com,+41 79 619 19 57,lausanne,VD,2024-09-11,7453,growth
C-10520,avery,chen,avery.chen520@example.com,+41 79 620 20 60,zurich,ZH,2024-09-24,7490,core
C-10521,maya,rossi,maya.rossi521@example.com,+41 79 621 21 63,basel,BS,2024-10-07,7527,enterprise
C-10522,jonas,silva,jonas.silva522@example.com,+41 79 622 22 66,bern,BE,2024-10-20,7564,growth
C-10523,elena,patel,elena.patel523@example.com,+41 79 623 23 69,geneva,GE,2024-11-02,7601,core
C-10524,noah,brown,noah.brown524@example.com,+41 79 624 24 72,lausanne,VD,2024-11-15,7638,enterprise
C-10525,amara,martin,amara.martin525@example.com,+41 79 625 25 75,zurich,ZH,2024-11-28,7675,growth
C-10526,luca,müller,luca.müller526@example.com,+41 79 626 26 78,basel,BS,2024-12-11,7712,core
C-10527,sofia,okafor,sofia.okafor527@example.com,Not provided,bern,BE,2024-12-24,7749,enterprise
C-10528,avery,chen,avery.chen528@example.com,+41 79 628 28 84,geneva,GE,2025-01-06,7786,growth
C-10529,maya,rossi,maya.rossi529@example.com,+41 79 629 29 87,lausanne,VD,2025-01-19,7823,core
C-10530,jonas,silva,jonas.silva530@example.com,+41 79 630 30 90,zurich,ZH,2025-02-01,7860,enterprise
C-10531,elena,patel,elena.patel531@example.com,+41 79 631 31 93,basel,BS,2025-02-14,7897,growth
C-10532,noah,brown,noah.brown532@example.com,+41 79 632 32 96,bern,BE,2025-02-27,7934,core
C-10533,amara,martin,amara.martin533@example.com,+41 79 633 33 99,geneva,GE,2025-03-12,7971,enterprise
C-10534,luca,müller,luca.müller534@example.com,+41 79 634 34 02,lausanne,VD,2025-03-25,8008,growth
C-10535,sofia,okafor,sofia.okafor535@example.com,+41 79 635 35 05,zurich,ZH,2025-04-07,8045,core
C-10536,avery,chen,avery.chen536@example.com,+41 79 636 36 08,basel,BS,2025-04-20,8082,enterprise
C-10537,maya,rossi,maya.rossi537@example.com,+41 79 637 37 11,bern,BE,2025-05-03,8119,growth
C-10538,jonas,silva,jonas.silva538@example.com,+41 79 638 38 14,geneva,GE,2025-05-16,8156,core
C-10539,elena,patel,elena.patel539@example.com,+41 79 639 39 17,lausanne,VD,2025-05-29,8193,enterprise
C-10540,noah,brown,noah.brown540@example.com,+41 79 640 40 20,zurich,ZH,2025-06-11,8230,growth
C-10541,amara,martin,amara.martin541@example.com,+41 79 641 41 23,basel,BS,2025-06-24,8267,core
C-10542,luca,müller,luca.müller542@example.com,+41 79 642 42 26,bern,BE,2025-07-07,8304,enterprise
C-10543,sofia,okafor,sofia.okafor543@example.com,+41 79 643 43 29,geneva,GE,2025-07-20,8341,growth
C-10544,avery,chen,avery.chen544@example.com,Not provided,lausanne,VD,2025-08-02,8378,core
C-10545,maya,rossi,maya.rossi545@example.com,+41 79 645 45 35,zurich,ZH,2025-08-15,8415,enterprise
C-10546,jonas,silva,jonas.silva546@example.com,+41 79 646 46 38,basel,BS,2025-08-28,8452,growth
C-10547,elena,patel,elena.patel547@example.com,+41 79 647 47 41,bern,BE,2025-09-10,8489,core
C-10548,noah,brown,noah.brown548@example.com,+41 79 648 48 44,geneva,GE,2025-09-23,8526,enterprise
C-10549,amara,martin,amara.martin549@example.com,+41 79 649 49 47,lausanne,VD,2025-10-06,8563,growth
C-10550,luca,müller,luca.müller550@example.com,+41 79 650 50 50,zurich,ZH,2025-10-19,8600,core
C-10551,sofia,okafor,sofia.okafor551@example.com,+41 79 651 51 53,basel,BS,2025-11-01,8637,enterprise
C-10552,avery,chen,avery.chen552@example.com,+41 79 652 52 56,bern,BE,2025-11-14,8674,growth
C-10553,maya,rossi,maya.rossi553@example.com,+41 79 653 53 59,geneva,GE,2025-11-27,8711,core
C-10554,jonas,silva,jonas.silva554@example.com,+41 79 654 54 62,lausanne,VD,2021-01-05,8748,enterprise
C-10555,elena,patel,elena.patel555@example.com,+41 79 655 55 65,zurich,ZH,2021-01-18,8785,growth
C-10556,noah,brown,noah.brown556@example.com,+41 79 656 56 68,basel,BS,2021-01-31,8822,core
C-10557,amara,martin,amara.martin557@example.com,+41 79 657 57 71,bern,BE,2021-02-13,8859,enterprise
C-10558,luca,müller,luca.müller558@example.com,+41 79 658 58 74,geneva,GE,2021-02-26,8896,growth
C-10559,sofia,okafor,sofia.okafor559@example.com,+41 79 659 59 77,lausanne,VD,2021-03-11,8933,core
C-10560,avery,chen,avery.chen560@example.com,+41 79 660 60 80,zurich,ZH,2021-03-24,8970,enterprise
C-10561,maya,rossi,maya.rossi561@example.com,Not provided,basel,BS,2021-04-06,9007,growth
C-10562,jonas,silva,jonas.silva562@example.com,+41 79 662 62 86,bern,BE,2021-04-19,9044,core
C-10563,elena,patel,elena.patel563@example.com,+41 79 663 63 89,geneva,GE,2021-05-02,9081,enterprise
C-10564,noah,brown,noah.brown564@example.com,+41 79 664 64 92,lausanne,VD,2021-05-15,9118,growth
C-10565,amara,martin,amara.martin565@example.com,+41 79 665 65 95,zurich,ZH,2021-05-28,9155,core
C-10566,luca,müller,luca.müller566@example.com,+41 79 666 66 98,basel,BS,2021-06-10,9192,enterprise
C-10567,sofia,okafor,sofia.okafor567@example.com,+41 79 667 67 01,bern,BE,2021-06-23,9229,growth
C-10568,avery,chen,avery.chen568@example.com,+41 79 668 68 04,geneva,GE,2021-07-06,9266,core
C-10569,maya,rossi,maya.rossi569@example.com,+41 79 669 69 07,lausanne,VD,2021-07-19,9303,enterprise
C-10570,jonas,silva,jonas.silva570@example.com,+41 79 670 70 10,zurich,ZH,2021-08-01,9340,growth
C-10571,elena,patel,elena.patel571@example.com,+41 79 671 71 13,basel,BS,2021-08-14,9377,core
C-10572,noah,brown,noah.brown572@example.com,+41 79 672 72 16,bern,BE,2021-08-27,9414,enterprise
C-10573,amara,martin,amara.martin573@example.com,+41 79 673 73 19,geneva,GE,2021-09-09,9451,growth
C-10574,luca,müller,luca.müller574@example.com,+41 79 674 74 22,lausanne,VD,2021-09-22,9488,core
C-10575,sofia,okafor,sofia.okafor575@example.com,+41 79 675 75 25,zurich,ZH,2021-10-05,9525,enterprise
C-10576,avery,chen,avery.chen576@example.com,+41 79 676 76 28,basel,BS,2021-10-18,9562,growth
C-10577,maya,rossi,maya.rossi577@example.com,+41 79 677 77 31,bern,BE,2021-10-31,9599,core
C-10578,jonas,silva,jonas.silva578@example.com,Not provided,geneva,GE,2021-11-13,9636,enterprise
C-10579,elena,patel,elena.patel579@example.com,+41 79 679 79 37,lausanne,VD,2021-11-26,9673,growth
C-10580,noah,brown,noah.brown580@example.com,+41 79 680 80 40,zurich,ZH,2021-12-09,9710,core
C-10581,amara,martin,amara.martin581@example.com,+41 79 681 81 43,basel,BS,2021-12-22,9747,enterprise
C-10582,luca,müller,luca.müller582@example.com,+41 79 682 82 46,bern,BE,2022-01-04,9784,growth
C-10583,sofia,okafor,sofia.okafor583@example.com,+41 79 683 83 49,geneva,GE,2022-01-17,9821,core
C-10584,avery,chen,avery.chen584@example.com,+41 79 684 84 52,lausanne,VD,2022-01-30,9858,enterprise
C-10585,maya,rossi,maya.rossi585@example.com,+41 79 685 85 55,zurich,ZH,2022-02-12,9895,growth
C-10586,jonas,silva,jonas.silva586@example.com,+41 79 686 86 58,basel,BS,2022-02-25,9932,core
C-10587,elena,patel,elena.patel587@example.com,+41 79 687 87 61,bern,BE,2022-03-10,9969,enterprise
C-10588,noah,brown,noah.brown588@example.com,+41 79 688 88 64,geneva,GE,2022-03-23,10006,growth
C-10589,amara,martin,amara.martin589@example.com,+41 79 689 89 67,lausanne,VD,2022-04-05,10043,core
C-10590,luca,müller,luca.müller590@example.com,+41 79 690 90 70,zurich,ZH,2022-04-18,10080,enterprise
C-10591,sofia,okafor,sofia.okafor591@example.com,+41 79 691 91 73,basel,BS,2022-05-01,10117,growth
C-10592,avery,chen,avery.chen592@example.com,+41 79 692 92 76,bern,BE,2022-05-14,10154,core
C-10593,maya,rossi,maya.rossi593@example.com,+41 79 693 93 79,geneva,GE,2022-05-27,10191,enterprise
C-10594,jonas,silva,jonas.silva594@example.com,+41 79 694 94 82,lausanne,VD,2022-06-09,10228,growth
C-10595,elena,patel,elena.patel595@example.com,Not provided,zurich,ZH,2022-06-22,10265,core
C-10596,noah,brown,noah.brown596@example.com,+41 79 696 96 88,basel,BS,2022-07-05,10302,enterprise
C-10597,amara,martin,amara.martin597@example.com,+41 79 697 97 91,bern,BE,2022-07-18,10339,growth
C-10598,luca,müller,luca.müller598@example.com,+41 79 698 98 94,geneva,GE,2022-07-31,10376,core
C-10599,sofia,okafor,sofia.okafor599@example.com,+41 79 699 99 97,lausanne,VD,2022-08-13,10413,enterprise
C-10600,avery,chen,avery.chen600@example.com,+41 79 700 00 00,zurich,ZH,2022-08-26,10450,growth
C-10601,maya,rossi,maya.rossi601@example.com,+41 79 701 01 03,basel,BS,2022-09-08,10487,core
C-10602,jonas,silva,jonas.silva602@example.com,+41 79 702 02 06,bern,BE,2022-09-21,10524,enterprise
C-10603,elena,patel,elena.patel603@example.com,+41 79 703 03 09,geneva,GE,2022-10-04,10561,growth
C-10604,noah,brown,noah.brown604@example.com,+41 79 704 04 12,lausanne,VD,2022-10-17,10598,core
C-10605,amara,martin,amara.martin605@example.com,+41 79 705 05 15,zurich,ZH,2022-10-30,10635,enterprise
C-10606,luca,müller,luca.müller606@example.com,+41 79 706 06 18,basel,BS,2022-11-12,10672,growth
C-10607,sofia,okafor,sofia.okafor607@example.com,+41 79 707 07 21,bern,BE,2022-11-25,10709,core
C-10608,avery,chen,avery.chen608@example.com,+41 79 708 08 24,geneva,GE,2022-12-08,10746,enterprise
C-10609,maya,rossi,maya.rossi609@example.com,+41 79 709 09 27,lausanne,VD,2022-12-21,10783,growth
C-10610,jonas,silva,jonas.silva610@example.com,+41 79 710 10 30,zurich,ZH,2023-01-03,10820,core
C-10611,elena,patel,elena.patel611@example.com,+41 79 711 11 33,basel,BS,2023-01-16,10857,enterprise
C-10612,noah,brown,noah.brown612@example.com,Not provided,bern,BE,2023-01-29,10894,growth
C-10613,amara,martin,amara.martin613@example.com,+41 79 713 13 39,geneva,GE,2023-02-11,10931,core
C-10614,luca,müller,luca.müller614@example.com,+41 79 714 14 42,lausanne,VD,2023-02-24,10968,enterprise
C-10615,sofia,okafor,sofia.okafor615@example.com,+41 79 715 15 45,zurich,ZH,2023-03-09,11005,growth
C-10616,avery,chen,avery.chen616@example.com,+41 79 716 16 48,basel,BS,2023-03-22,11042,core
C-10617,maya,rossi,maya.rossi617@example.com,+41 79 717 17 51,bern,BE,2023-04-04,11079,enterprise
C-10618,jonas,silva,jonas.silva618@example.com,+41 79 718 18 54,geneva,GE,2023-04-17,11116,growth
C-10619,elena,patel,elena.patel619@example.com,+41 79 719 19 57,lausanne,VD,2023-04-30,11153,core
C-10620,noah,brown,noah.brown620@example.com,+41 79 720 20 60,zurich,ZH,2023-05-13,11190,enterprise
C-10621,amara,martin,amara.martin621@example.com,+41 79 721 21 63,basel,BS,2023-05-26,11227,growth
C-10622,luca,müller,luca.müller622@example.com,+41 79 722 22 66,bern,BE,2023-06-08,11264,core
C-10623,sofia,okafor,sofia.okafor623@example.com,+41 79 723 23 69,geneva,GE,2023-06-21,11301,enterprise
C-10624,avery,chen,avery.chen624@example.com,+41 79 724 24 72,lausanne,VD,2023-07-04,11338,growth
C-10625,maya,rossi,maya.rossi625@example.com,+41 79 725 25 75,zurich,ZH,2023-07-17,11375,core
C-10626,jonas,silva,jonas.silva626@example.com,+41 79 726 26 78,basel,BS,2023-07-30,11412,enterprise
C-10627,elena,patel,elena.patel627@example.com,+41 79 727 27 81,bern,BE,2023-08-12,11449,growth
C-10628,noah,brown,noah.brown628@example.com,+41 79 728 28 84,geneva,GE,2023-08-25,11486,core
C-10629,amara,martin,amara.martin629@example.com,Not provided,lausanne,VD,2023-09-07,11523,enterprise
C-10630,luca,müller,luca.müller630@example.com,+41 79 730 30 90,zurich,ZH,2023-09-20,11560,growth
C-10631,sofia,okafor,sofia.okafor631@example.com,+41 79 731 31 93,basel,BS,2023-10-03,11597,core
C-10632,avery,chen,avery.chen632@example.com,+41 79 732 32 96,bern,BE,2023-10-16,11634,enterprise
C-10633,maya,rossi,maya.rossi633@example.com,+41 79 733 33 99,geneva,GE,2023-10-29,11671,growth
C-10634,jonas,silva,jonas.silva634@example.com,+41 79 734 34 02,lausanne,VD,2023-11-11,11708,core
C-10635,elena,patel,elena.patel635@example.com,+41 79 735 35 05,zurich,ZH,2023-11-24,11745,enterprise
C-10636,noah,brown,noah.brown636@example.com,+41 79 736 36 08,basel,BS,2023-12-07,11782,growth
C-10637,amara,martin,amara.martin637@example.com,+41 79 737 37 11,bern,BE,2023-12-20,11819,core
C-10638,luca,müller,luca.müller638@example.com,+41 79 738 38 14,geneva,GE,2024-01-02,11856,enterprise
C-10639,sofia,okafor,sofia.okafor639@example.com,+41 79 739 39 17,lausanne,VD,2024-01-15,11893,growth
C-10640,avery,chen,avery.chen640@example.com,+41 79 740 40 20,zurich,ZH,2024-01-28,11930,core
C-10641,maya,rossi,maya.rossi641@example.com,+41 79 741 41 23,basel,BS,2024-02-10,11967,enterprise
C-10642,jonas,silva,jonas.silva642@example.com,+41 79 742 42 26,bern,BE,2024-02-23,12004,growth
C-10643,elena,patel,elena.patel643@example.com,+41 79 743 43 29,geneva,GE,2024-03-07,12041,core
C-10644,noah,brown,noah.brown644@example.com,+41 79 744 44 32,lausanne,VD,2024-03-20,12078,enterprise
C-10645,amara,martin,amara.martin645@example.com,+41 79 745 45 35,zurich,ZH,2024-04-02,12115,growth
C-10646,luca,müller,luca.müller646@example.com,Not provided,basel,BS,2024-04-15,12152,core
C-10647,sofia,okafor,sofia.okafor647@example.com,+41 79 747 47 41,bern,BE,2024-04-28,12189,enterprise
C-10648,avery,chen,avery.chen648@example.com,+41 79 748 48 44,geneva,GE,2024-05-11,12226,growth
C-10649,maya,rossi,maya.rossi649@example.com,+41 79 749 49 47,lausanne,VD,2024-05-24,263,core
C-10650,jonas,silva,jonas.silva650@example.com,+41 79 750 50 50,zurich,ZH,2024-06-06,300,enterprise
C-10651,elena,patel,elena.patel651@example.com,+41 79 751 51 53,basel,BS,2024-06-19,337,growth
C-10652,noah,brown,noah.brown652@example.com,+41 79 752 52 56,bern,BE,2024-07-02,374,core
C-10653,amara,martin,amara.martin653@example.com,+41 79 753 53 59,geneva,GE,2024-07-15,411,enterprise
C-10654,luca,müller,luca.müller654@example.com,+41 79 754 54 62,lausanne,VD,2024-07-28,448,growth
C-10655,sofia,okafor,sofia.okafor655@example.com,+41 79 755 55 65,zurich,ZH,2024-08-10,485,core
C-10656,avery,chen,avery.chen656@example.com,+41 79 756 56 68,basel,BS,2024-08-23,522,enterprise
C-10657,maya,rossi,maya.rossi657@example.com,+41 79 757 57 71,bern,BE,2024-09-05,559,growth
C-10658,jonas,silva,jonas.silva658@example.com,+41 79 758 58 74,geneva,GE,2024-09-18,596,core
C-10659,elena,patel,elena.patel659@example.com,+41 79 759 59 77,lausanne,VD,2024-10-01,633,enterprise
C-10660,noah,brown,noah.brown660@example.com,+41 79 760 60 80,zurich,ZH,2024-10-14,670,growth
C-10661,amara,martin,amara.martin661@example.com,+41 79 761 61 83,basel,BS,2024-10-27,707,core
C-10662,luca,müller,luca.müller662@example.com,+41 79 762 62 86,bern,BE,2024-11-09,744,enterprise
C-10663,sofia,okafor,sofia.okafor663@example.com,Not provided,geneva,GE,2024-11-22,781,growth
C-10664,avery,chen,avery.chen664@example.com,+41 79 764 64 92,lausanne,VD,2024-12-05,818,core
C-10665,maya,rossi,maya.rossi665@example.com,+41 79 765 65 95,zurich,ZH,2024-12-18,855,enterprise
C-10666,jonas,silva,jonas.silva666@example.com,+41 79 766 66 98,basel,BS,2024-12-31,892,growth
C-10667,elena,patel,elena.patel667@example.com,+41 79 767 67 01,bern,BE,2025-01-13,929,core
C-10668,noah,brown,noah.brown668@example.com,+41 79 768 68 04,geneva,GE,2025-01-26,966,enterprise
C-10669,amara,martin,amara.martin669@example.com,+41 79 769 69 07,lausanne,VD,2025-02-08,1003,growth
C-10670,luca,müller,luca.müller670@example.com,+41 79 770 70 10,zurich,ZH,2025-02-21,1040,core
C-10671,sofia,okafor,sofia.okafor671@example.com,+41 79 771 71 13,basel,BS,2025-03-06,1077,enterprise
C-10672,avery,chen,avery.chen672@example.com,+41 79 772 72 16,bern,BE,2025-03-19,1114,growth
C-10673,maya,rossi,maya.rossi673@example.com,+41 79 773 73 19,geneva,GE,2025-04-01,1151,core
C-10674,jonas,silva,jonas.silva674@example.com,+41 79 774 74 22,lausanne,VD,2025-04-14,1188,enterprise
C-10675,elena,patel,elena.patel675@example.com,+41 79 775 75 25,zurich,ZH,2025-04-27,1225,growth
C-10676,noah,brown,noah.brown676@example.com,+41 79 776 76 28,basel,BS,2025-05-10,1262,core
C-10677,amara,martin,amara.martin677@example.com,+41 79 777 77 31,bern,BE,2025-05-23,1299,enterprise
C-10678,luca,müller,luca.müller678@example.com,+41 79 778 78 34,geneva,GE,2025-06-05,1336,growth
C-10679,sofia,okafor,sofia.okafor679@example.com,+41 79 779 79 37,lausanne,VD,2025-06-18,1373,core
C-10680,avery,chen,avery.chen680@example.com,Not provided,zurich,ZH,2025-07-01,1410,enterprise
C-10681,maya,rossi,maya.rossi681@example.com,+41 79 781 81 43,basel,BS,2025-07-14,1447,growth
C-10682,jonas,silva,jonas.silva682@example.com,+41 79 782 82 46,bern,BE,2025-07-27,1484,core
C-10683,elena,patel,elena.patel683@example.com,+41 79 783 83 49,geneva,GE,2025-08-09,1521,enterprise
C-10684,noah,brown,noah.brown684@example.com,+41 79 784 84 52,lausanne,VD,2025-08-22,1558,growth
C-10685,amara,martin,amara.martin685@example.com,+41 79 785 85 55,zurich,ZH,2025-09-04,1595,core
C-10686,luca,müller,luca.müller686@example.com,+41 79 786 86 58,basel,BS,2025-09-17,1632,enterprise
C-10687,sofia,okafor,sofia.okafor687@example.com,+41 79 787 87 61,bern,BE,2025-09-30,1669,growth
C-10688,avery,chen,avery.chen688@example.com,+41 79 788 88 64,geneva,GE,2025-10-13,1706,core
C-10689,maya,rossi,maya.rossi689@example.com,+41 79 789 89 67,lausanne,VD,2025-10-26,1743,enterprise
C-10690,jonas,silva,jonas.silva690@example.com,+41 79 790 90 70,zurich,ZH,2025-11-08,1780,growth
C-10691,elena,patel,elena.patel691@example.com,+41 79 791 91 73,basel,BS,2025-11-21,1817,core
C-10692,noah,brown,noah.brown692@example.com,+41 79 792 92 76,bern,BE,2025-12-04,1854,enterprise
C-10693,amara,martin,amara.martin693@example.com,+41 79 793 93 79,geneva,GE,2021-01-12,1891,growth
C-10694,luca,müller,luca.müller694@example.com,+41 79 794 94 82,lausanne,VD,2021-01-25,1928,core
C-10695,sofia,okafor,sofia.okafor695@example.com,+41 79 795 95 85,zurich,ZH,2021-02-07,1965,enterprise
C-10696,avery,chen,avery.chen696@example.com,+41 79 796 96 88,basel,BS,2021-02-20,2002,growth
C-10697,maya,rossi,maya.rossi697@example.com,Not provided,bern,BE,2021-03-05,2039,core
C-10698,jonas,silva,jonas.silva698@example.com,+41 79 798 98 94,geneva,GE,2021-03-18,2076,enterprise
C-10699,elena,patel,elena.patel699@example.com,+41 79 799 99 97,lausanne,VD,2021-03-31,2113,growth
C-10700,noah,brown,noah.brown700@example.com,+41 79 800 00 00,zurich,ZH,2021-04-13,2150,core
C-10701,amara,martin,amara.martin701@example.com,+41 79 801 01 03,basel,BS,2021-04-26,2187,enterprise
C-10702,luca,müller,luca.müller702@example.com,+41 79 802 02 06,bern,BE,2021-05-09,2224,growth
C-10703,sofia,okafor,sofia.okafor703@example.com,+41 79 803 03 09,geneva,GE,2021-05-22,2261,core
C-10704,avery,chen,avery.chen704@example.com,+41 79 804 04 12,lausanne,VD,2021-06-04,2298,enterprise
C-10705,maya,rossi,maya.rossi705@example.com,+41 79 805 05 15,zurich,ZH,2021-06-17,2335,growth
C-10706,jonas,silva,jonas.silva706@example.com,+41 79 806 06 18,basel,BS,2021-06-30,2372,core
C-10707,elena,patel,elena.patel707@example.com,+41 79 807 07 21,bern,BE,2021-07-13,2409,enterprise
C-10708,noah,brown,noah.brown708@example.com,+41 79 808 08 24,geneva,GE,2021-07-26,2446,growth
C-10709,amara,martin,amara.martin709@example.com,+41 79 809 09 27,lausanne,VD,2021-08-08,2483,core
C-10710,luca,müller,luca.müller710@example.com,+41 79 810 10 30,zurich,ZH,2021-08-21,2520,enterprise
C-10711,sofia,okafor,sofia.okafor711@example.com,+41 79 811 11 33,basel,BS,2021-09-03,2557,growth
C-10712,avery,chen,avery.chen712@example.com,+41 79 812 12 36,bern,BE,2021-09-16,2594,core
C-10713,maya,rossi,maya.rossi713@example.com,+41 79 813 13 39,geneva,GE,2021-09-29,2631,enterprise
C-10714,jonas,silva,jonas.silva714@example.com,Not provided,lausanne,VD,2021-10-12,2668,growth
C-10715,elena,patel,elena.patel715@example.com,+41 79 815 15 45,zurich,ZH,2021-10-25,2705,core
C-10716,noah,brown,noah.brown716@example.com,+41 79 816 16 48,basel,BS,2021-11-07,2742,enterprise
C-10717,amara,martin,amara.martin717@example.com,+41 79 817 17 51,bern,BE,2021-11-20,2779,growth
C-10718,luca,müller,luca.müller718@example.com,+41 79 818 18 54,geneva,GE,2021-12-03,2816,core
C-10719,sofia,okafor,sofia.okafor719@example.com,+41 79 819 19 57,lausanne,VD,2021-12-16,2853,enterprise
C-10720,avery,chen,avery.chen720@example.com,+41 79 820 20 60,zurich,ZH,2021-12-29,2890,growth
C-10721,maya,rossi,maya.rossi721@example.com,+41 79 821 21 63,basel,BS,2022-01-11,2927,core
C-10722,jonas,silva,jonas.silva722@example.com,+41 79 822 22 66,bern,BE,2022-01-24,2964,enterprise
C-10723,elena,patel,elena.patel723@example.com,+41 79 823 23 69,geneva,GE,2022-02-06,3001,growth
C-10724,noah,brown,noah.brown724@example.com,+41 79 824 24 72,lausanne,VD,2022-02-19,3038,core
C-10725,amara,martin,amara.martin725@example.com,+41 79 825 25 75,zurich,ZH,2022-03-04,3075,enterprise
C-10726,luca,müller,luca.müller726@example.com,+41 79 826 26 78,basel,BS,2022-03-17,3112,growth
C-10727,sofia,okafor,sofia.okafor727@example.com,+41 79 827 27 81,bern,BE,2022-03-30,3149,core
C-10728,avery,chen,avery.chen728@example.com,+41 79 828 28 84,geneva,GE,2022-04-12,3186,enterprise
C-10729,maya,rossi,maya.rossi729@example.com,+41 79 829 29 87,lausanne,VD,2022-04-25,3223,growth
C-10730,jonas,silva,jonas.silva730@example.com,+41 79 830 30 90,zurich,ZH,2022-05-08,3260,core
C-10731,elena,patel,elena.patel731@example.com,Not provided,basel,BS,2022-05-21,3297,enterprise
C-10732,noah,brown,noah.brown732@example.com,+41 79 832 32 96,bern,BE,2022-06-03,3334,growth
C-10733,amara,martin,amara.martin733@example.com,+41 79 833 33 99,geneva,GE,2022-06-16,3371,core
C-10734,luca,müller,luca.müller734@example.com,+41 79 834 34 02,lausanne,VD,2022-06-29,3408,enterprise
C-10735,sofia,okafor,sofia.okafor735@example.com,+41 79 835 35 05,zurich,ZH,2022-07-12,3445,growth
C-10736,avery,chen,avery.chen736@example.com,+41 79 836 36 08,basel,BS,2022-07-25,3482,core
C-10737,maya,rossi,maya.rossi737@example.com,+41 79 837 37 11,bern,BE,2022-08-07,3519,enterprise
C-10738,jonas,silva,jonas.silva738@example.com,+41 79 838 38 14,geneva,GE,2022-08-20,3556,growth
C-10739,elena,patel,elena.patel739@example.com,+41 79 839 39 17,lausanne,VD,2022-09-02,3593,core
C-10740,noah,brown,noah.brown740@example.com,+41 79 840 40 20,zurich,ZH,2022-09-15,3630,enterprise
C-10741,amara,martin,amara.martin741@example.com,+41 79 841 41 23,basel,BS,2022-09-28,3667,growth
C-10742,luca,müller,luca.müller742@example.com,+41 79 842 42 26,bern,BE,2022-10-11,3704,core
C-10743,sofia,okafor,sofia.okafor743@example.com,+41 79 843 43 29,geneva,GE,2022-10-24,3741,enterprise
C-10744,avery,chen,avery.chen744@example.com,+41 79 844 44 32,lausanne,VD,2022-11-06,3778,growth
C-10745,maya,rossi,maya.rossi745@example.com,+41 79 845 45 35,zurich,ZH,2022-11-19,3815,core
C-10746,jonas,silva,jonas.silva746@example.com,+41 79 846 46 38,basel,BS,2022-12-02,3852,enterprise
C-10747,elena,patel,elena.patel747@example.com,+41 79 847 47 41,bern,BE,2022-12-15,3889,growth
C-10748,noah,brown,noah.brown748@example.com,Not provided,geneva,GE,2022-12-28,3926,core
C-10749,amara,martin,amara.martin749@example.com,+41 79 849 49 47,lausanne,VD,2023-01-10,3963,enterprise
C-10750,luca,müller,luca.müller750@example.com,+41 79 850 50 50,zurich,ZH,2023-01-23,4000,growth
C-10751,sofia,okafor,sofia.okafor751@example.com,+41 79 851 51 53,basel,BS,2023-02-05,4037,core
C-10752,avery,chen,avery.chen752@example.com,+41 79 852 52 56,bern,BE,2023-02-18,4074,enterprise
C-10753,maya,rossi,maya.rossi753@example.com,+41 79 853 53 59,geneva,GE,2023-03-03,4111,growth
C-10754,jonas,silva,jonas.silva754@example.com,+41 79 854 54 62,lausanne,VD,2023-03-16,4148,core
C-10755,elena,patel,elena.patel755@example.com,+41 79 855 55 65,zurich,ZH,2023-03-29,4185,enterprise
C-10756,noah,brown,noah.brown756@example.com,+41 79 856 56 68,basel,BS,2023-04-11,4222,growth
C-10757,amara,martin,amara.martin757@example.com,+41 79 857 57 71,bern,BE,2023-04-24,4259,core
C-10758,luca,müller,luca.müller758@example.com,+41 79 858 58 74,geneva,GE,2023-05-07,4296,enterprise
C-10759,sofia,okafor,sofia.okafor759@example.com,+41 79 859 59 77,lausanne,VD,2023-05-20,4333,growth
C-10760,avery,chen,avery.chen760@example.com,+41 79 860 60 80,zurich,ZH,2023-06-02,4370,core
C-10761,maya,rossi,maya.rossi761@example.com,+41 79 861 61 83,basel,BS,2023-06-15,4407,enterprise
C-10762,jonas,silva,jonas.silva762@example.com,+41 79 862 62 86,bern,BE,2023-06-28,4444,growth
C-10763,elena,patel,elena.patel763@example.com,+41 79 863 63 89,geneva,GE,2023-07-11,4481,core
C-10764,noah,brown,noah.brown764@example.com,+41 79 864 64 92,lausanne,VD,2023-07-24,4518,enterprise
C-10765,amara,martin,amara.martin765@example.com,Not provided,zurich,ZH,2023-08-06,4555,growth
C-10766,luca,müller,luca.müller766@example.com,+41 79 866 66 98,basel,BS,2023-08-19,4592,core
C-10767,sofia,okafor,sofia.okafor767@example.com,+41 79 867 67 01,bern,BE,2023-09-01,4629,enterprise
C-10768,avery,chen,avery.chen768@example.com,+41 79 868 68 04,geneva,GE,2023-09-14,4666,growth
C-10769,maya,rossi,maya.rossi769@example.com,+41 79 869 69 07,lausanne,VD,2023-09-27,4703,core
C-10770,jonas,silva,jonas.silva770@example.com,+41 79 870 70 10,zurich,ZH,2023-10-10,4740,enterprise
C-10771,elena,patel,elena.patel771@example.com,+41 79 871 71 13,basel,BS,2023-10-23,4777,growth
C-10772,noah,brown,noah.brown772@example.com,+41 79 872 72 16,bern,BE,2023-11-05,4814,core
C-10773,amara,martin,amara.martin773@example.com,+41 79 873 73 19,geneva,GE,2023-11-18,4851,enterprise
C-10774,luca,müller,luca.müller774@example.com,+41 79 874 74 22,lausanne,VD,2023-12-01,4888,growth
C-10775,sofia,okafor,sofia.okafor775@example.com,+41 79 875 75 25,zurich,ZH,2023-12-14,4925,core
C-10776,avery,chen,avery.chen776@example.com,+41 79 876 76 28,basel,BS,2023-12-27,4962,enterprise
C-10777,maya,rossi,maya.rossi777@example.com,+41 79 877 77 31,bern,BE,2024-01-09,4999,growth
C-10778,jonas,silva,jonas.silva778@example.com,+41 79 878 78 34,geneva,GE,2024-01-22,5036,core
C-10779,elena,patel,elena.patel779@example.com,+41 79 879 79 37,lausanne,VD,2024-02-04,5073,enterprise
C-10780,noah,brown,noah.brown780@example.com,+41 79 880 80 40,zurich,ZH,2024-02-17,5110,growth
C-10781,amara,martin,amara.martin781@example.com,+41 79 881 81 43,basel,BS,2024-03-01,5147,core
C-10782,luca,müller,luca.müller782@example.com,Not provided,bern,BE,2024-03-14,5184,enterprise
C-10783,sofia,okafor,sofia.okafor783@example.com,+41 79 883 83 49,geneva,GE,2024-03-27,5221,growth
C-10784,avery,chen,avery.chen784@example.com,+41 79 884 84 52,lausanne,VD,2024-04-09,5258,core
C-10785,maya,rossi,maya.rossi785@example.com,+41 79 885 85 55,zurich,ZH,2024-04-22,5295,enterprise
C-10786,jonas,silva,jonas.silva786@example.com,+41 79 886 86 58,basel,BS,2024-05-05,5332,growth
C-10787,elena,patel,elena.patel787@example.com,+41 79 887 87 61,bern,BE,2024-05-18,5369,core
C-10788,noah,brown,noah.brown788@example.com,+41 79 888 88 64,geneva,GE,2024-05-31,5406,enterprise
C-10789,amara,martin,amara.martin789@example.com,+41 79 889 89 67,lausanne,VD,2024-06-13,5443,growth
C-10790,luca,müller,luca.müller790@example.com,+41 79 890 90 70,zurich,ZH,2024-06-26,5480,core
C-10791,sofia,okafor,sofia.okafor791@example.com,+41 79 891 91 73,basel,BS,2024-07-09,5517,enterprise
C-10792,avery,chen,avery.chen792@example.com,+41 79 892 92 76,bern,BE,2024-07-22,5554,growth
C-10793,maya,rossi,maya.rossi793@example.com,+41 79 893 93 79,geneva,GE,2024-08-04,5591,core
C-10794,jonas,silva,jonas.silva794@example.com,+41 79 894 94 82,lausanne,VD,2024-08-17,5628,enterprise
C-10795,elena,patel,elena.patel795@example.com,+41 79 895 95 85,zurich,ZH,2024-08-30,5665,growth
C-10796,noah,brown,noah.brown796@example.com,+41 79 896 96 88,basel,BS,2024-09-12,5702,core
C-10797,amara,martin,amara.martin797@example.com,+41 79 897 97 91,bern,BE,2024-09-25,5739,enterprise
C-10798,luca,müller,luca.müller798@example.com,+41 79 898 98 94,geneva,GE,2024-10-08,5776,growth
C-10799,sofia,okafor,sofia.okafor799@example.com,Not provided,lausanne,VD,2024-10-21,5813,core
C-10800,avery,chen,avery.chen800@example.com,+41 79 900 00 00,zurich,ZH,2024-11-03,5850,enterprise
C-10801,maya,rossi,maya.rossi801@example.com,+41 79 901 01 03,basel,BS,2024-11-16,5887,growth
C-10802,jonas,silva,jonas.silva802@example.com,+41 79 902 02 06,bern,BE,2024-11-29,5924,core
C-10803,elena,patel,elena.patel803@example.com,+41 79 903 03 09,geneva,GE,2024-12-12,5961,enterprise
C-10804,noah,brown,noah.brown804@example.com,+41 79 904 04 12,lausanne,VD,2024-12-25,5998,growth
C-10805,amara,martin,amara.martin805@example.com,+41 79 905 05 15,zurich,ZH,2025-01-07,6035,core
C-10806,luca,müller,luca.müller806@example.com,+41 79 906 06 18,basel,BS,2025-01-20,6072,enterprise
C-10807,sofia,okafor,sofia.okafor807@example.com,+41 79 907 07 21,bern,BE,2025-02-02,6109,growth
C-10808,avery,chen,avery.chen808@example.com,+41 79 908 08 24,geneva,GE,2025-02-15,6146,core
C-10809,maya,rossi,maya.rossi809@example.com,+41 79 909 09 27,lausanne,VD,2025-02-28,6183,enterprise
C-10810,jonas,silva,jonas.silva810@example.com,+41 79 910 10 30,zurich,ZH,2025-03-13,6220,growth
C-10811,elena,patel,elena.patel811@example.com,+41 79 911 11 33,basel,BS,2025-03-26,6257,core
C-10812,noah,brown,noah.brown812@example.com,+41 79 912 12 36,bern,BE,2025-04-08,6294,enterprise
C-10813,amara,martin,amara.martin813@example.com,+41 79 913 13 39,geneva,GE,2025-04-21,6331,growth
C-10814,luca,müller,luca.müller814@example.com,+41 79 914 14 42,lausanne,VD,2025-05-04,6368,core
C-10815,sofia,okafor,sofia.okafor815@example.com,+41 79 915 15 45,zurich,ZH,2025-05-17,6405,enterprise
C-10816,avery,chen,avery.chen816@example.com,Not provided,basel,BS,2025-05-30,6442,growth
C-10817,maya,rossi,maya.rossi817@example.com,+41 79 917 17 51,bern,BE,2025-06-12,6479,core
C-10818,jonas,silva,jonas.silva818@example.com,+41 79 918 18 54,geneva,GE,2025-06-25,6516,enterprise
C-10819,elena,patel,elena.patel819@example.com,+41 79 919 19 57,lausanne,VD,2025-07-08,6553,growth
C-10820,noah,brown,noah.brown820@example.com,+41 79 920 20 60,zurich,ZH,2025-07-21,6590,core
C-10821,amara,martin,amara.martin821@example.com,+41 79 921 21 63,basel,BS,2025-08-03,6627,enterprise
C-10822,luca,müller,luca.müller822@example.com,+41 79 922 22 66,bern,BE,2025-08-16,6664,growth
C-10823,sofia,okafor,sofia.okafor823@example.com,+41 79 923 23 69,geneva,GE,2025-08-29,6701,core
C-10824,avery,chen,avery.chen824@example.com,+41 79 924 24 72,lausanne,VD,2025-09-11,6738,enterprise
C-10825,maya,rossi,maya.rossi825@example.com,+41 79 925 25 75,zurich,ZH,2025-09-24,6775,growth
C-10826,jonas,silva,jonas.silva826@example.com,+41 79 926 26 78,basel,BS,2025-10-07,6812,core
C-10827,elena,patel,elena.patel827@example.com,+41 79 927 27 81,bern,BE,2025-10-20,6849,enterprise
C-10828,noah,brown,noah.brown828@example.com,+41 79 928 28 84,geneva,GE,2025-11-02,6886,growth
C-10829,amara,martin,amara.martin829@example.com,+41 79 929 29 87,lausanne,VD,2025-11-15,6923,core
C-10830,luca,müller,luca.müller830@example.com,+41 79 930 30 90,zurich,ZH,2025-11-28,6960,enterprise
C-10831,sofia,okafor,sofia.okafor831@example.com,+41 79 931 31 93,basel,BS,2021-01-06,6997,growth
C-10832,avery,chen,avery.chen832@example.com,+41 79 932 32 96,bern,BE,2021-01-19,7034,core
C-10833,maya,rossi,maya.rossi833@example.com,Not provided,geneva,GE,2021-02-01,7071,enterprise
C-10834,jonas,silva,jonas.silva834@example.com,+41 79 934 34 02,lausanne,VD,2021-02-14,7108,growth
C-10835,elena,patel,elena.patel835@example.com,+41 79 935 35 05,zurich,ZH,2021-02-27,7145,core
C-10836,noah,brown,noah.brown836@example.com,+41 79 936 36 08,basel,BS,2021-03-12,7182,enterprise
C-10837,amara,martin,amara.martin837@example.com,+41 79 937 37 11,bern,BE,2021-03-25,7219,growth
C-10838,luca,müller,luca.müller838@example.com,+41 79 938 38 14,geneva,GE,2021-04-07,7256,core
C-10839,sofia,okafor,sofia.okafor839@example.com,+41 79 939 39 17,lausanne,VD,2021-04-20,7293,enterprise
C-10840,avery,chen,avery.chen840@example.com,+41 79 940 40 20,zurich,ZH,2021-05-03,7330,growth
C-10841,maya,rossi,maya.rossi841@example.com,+41 79 941 41 23,basel,BS,2021-05-16,7367,core
C-10842,jonas,silva,jonas.silva842@example.com,+41 79 942 42 26,bern,BE,2021-05-29,7404,enterprise
C-10843,elena,patel,elena.patel843@example.com,+41 79 943 43 29,geneva,GE,2021-06-11,7441,growth
C-10844,noah,brown,noah.brown844@example.com,+41 79 944 44 32,lausanne,VD,2021-06-24,7478,core
C-10845,amara,martin,amara.martin845@example.com,+41 79 945 45 35,zurich,ZH,2021-07-07,7515,enterprise
C-10846,luca,müller,luca.müller846@example.com,+41 79 946 46 38,basel,BS,2021-07-20,7552,growth
C-10847,sofia,okafor,sofia.okafor847@example.com,+41 79 947 47 41,bern,BE,2021-08-02,7589,core
C-10848,avery,chen,avery.chen848@example.com,+41 79 948 48 44,geneva,GE,2021-08-15,7626,enterprise
C-10849,maya,rossi,maya.rossi849@example.com,+41 79 949 49 47,lausanne,VD,2021-08-28,7663,growth
C-10850,jonas,silva,jonas.silva850@example.com,Not provided,zurich,ZH,2021-09-10,7700,core
C-10851,elena,patel,elena.patel851@example.com,+41 79 951 51 53,basel,BS,2021-09-23,7737,enterprise
C-10852,noah,brown,noah.brown852@example.com,+41 79 952 52 56,bern,BE,2021-10-06,7774,growth
C-10853,amara,martin,amara.martin853@example.com,+41 79 953 53 59,geneva,GE,2021-10-19,7811,core
C-10854,luca,müller,luca.müller854@example.com,+41 79 954 54 62,lausanne,VD,2021-11-01,7848,enterprise
C-10855,sofia,okafor,sofia.okafor855@example.com,+41 79 955 55 65,zurich,ZH,2021-11-14,7885,growth
C-10856,avery,chen,avery.chen856@example.com,+41 79 956 56 68,basel,BS,2021-11-27,7922,core
C-10857,maya,rossi,maya.rossi857@example.com,+41 79 957 57 71,bern,BE,2021-12-10,7959,enterprise
C-10858,jonas,silva,jonas.silva858@example.com,+41 79 958 58 74,geneva,GE,2021-12-23,7996,growth
C-10859,elena,patel,elena.patel859@example.com,+41 79 959 59 77,lausanne,VD,2022-01-05,8033,core
C-10860,noah,brown,noah.brown860@example.com,+41 79 960 60 80,zurich,ZH,2022-01-18,8070,enterprise
C-10861,amara,martin,amara.martin861@example.com,+41 79 961 61 83,basel,BS,2022-01-31,8107,growth
C-10862,luca,müller,luca.müller862@example.com,+41 79 962 62 86,bern,BE,2022-02-13,8144,core
C-10863,sofia,okafor,sofia.okafor863@example.com,+41 79 963 63 89,geneva,GE,2022-02-26,8181,enterprise
C-10864,avery,chen,avery.chen864@example.com,+41 79 964 64 92,lausanne,VD,2022-03-11,8218,growth
C-10865,maya,rossi,maya.rossi865@example.com,+41 79 965 65 95,zurich,ZH,2022-03-24,8255,core
C-10866,jonas,silva,jonas.silva866@example.com,+41 79 966 66 98,basel,BS,2022-04-06,8292,enterprise
C-10867,elena,patel,elena.patel867@example.com,Not provided,bern,BE,2022-04-19,8329,growth
C-10868,noah,brown,noah.brown868@example.com,+41 79 968 68 04,geneva,GE,2022-05-02,8366,core
C-10869,amara,martin,amara.martin869@example.com,+41 79 969 69 07,lausanne,VD,2022-05-15,8403,enterprise
C-10870,luca,müller,luca.müller870@example.com,+41 79 970 70 10,zurich,ZH,2022-05-28,8440,growth
C-10871,sofia,okafor,sofia.okafor871@example.com,+41 79 971 71 13,basel,BS,2022-06-10,8477,core
C-10872,avery,chen,avery.chen872@example.com,+41 79 972 72 16,bern,BE,2022-06-23,8514,enterprise
C-10873,maya,rossi,maya.rossi873@example.com,+41 79 973 73 19,geneva,GE,2022-07-06,8551,growth
C-10874,jonas,silva,jonas.silva874@example.com,+41 79 974 74 22,lausanne,VD,2022-07-19,8588,core
C-10875,elena,patel,elena.patel875@example.com,+41 79 975 75 25,zurich,ZH,2022-08-01,8625,enterprise
C-10876,noah,brown,noah.brown876@example.com,+41 79 976 76 28,basel,BS,2022-08-14,8662,growth
C-10877,amara,martin,amara.martin877@example.com,+41 79 977 77 31,bern,BE,2022-08-27,8699,core
C-10878,luca,müller,luca.müller878@example.com,+41 79 978 78 34,geneva,GE,2022-09-09,8736,enterprise
C-10879,sofia,okafor,sofia.okafor879@example.com,+41 79 979 79 37,lausanne,VD,2022-09-22,8773,growth
C-10880,avery,chen,avery.chen880@example.com,+41 79 980 80 40,zurich,ZH,2022-10-05,8810,core
C-10881,maya,rossi,maya.rossi881@example.com,+41 79 981 81 43,basel,BS,2022-10-18,8847,enterprise
C-10882,jonas,silva,jonas.silva882@example.com,+41 79 982 82 46,bern,BE,2022-10-31,8884,growth
C-10883,elena,patel,elena.patel883@example.com,+41 79 983 83 49,geneva,GE,2022-11-13,8921,core
C-10884,noah,brown,noah.brown884@example.com,Not provided,lausanne,VD,2022-11-26,8958,enterprise
C-10885,amara,martin,amara.martin885@example.com,+41 79 985 85 55,zurich,ZH,2022-12-09,8995,growth
C-10886,luca,müller,luca.müller886@example.com,+41 79 986 86 58,basel,BS,2022-12-22,9032,core
C-10887,sofia,okafor,sofia.okafor887@example.com,+41 79 987 87 61,bern,BE,2023-01-04,9069,enterprise
C-10888,avery,chen,avery.chen888@example.com,+41 79 988 88 64,geneva,GE,2023-01-17,9106,growth
C-10889,maya,rossi,maya.rossi889@example.com,+41 79 989 89 67,lausanne,VD,2023-01-30,9143,core
C-10890,jonas,silva,jonas.silva890@example.com,+41 79 990 90 70,zurich,ZH,2023-02-12,9180,enterprise
C-10891,elena,patel,elena.patel891@example.com,+41 79 991 91 73,basel,BS,2023-02-25,9217,growth
C-10892,noah,brown,noah.brown892@example.com,+41 79 992 92 76,bern,BE,2023-03-10,9254,core
C-10893,amara,martin,amara.martin893@example.com,+41 79 993 93 79,geneva,GE,2023-03-23,9291,enterprise
C-10894,luca,müller,luca.müller894@example.com,+41 79 994 94 82,lausanne,VD,2023-04-05,9328,growth
C-10895,sofia,okafor,sofia.okafor895@example.com,+41 79 995 95 85,zurich,ZH,2023-04-18,9365,core
C-10896,avery,chen,avery.chen896@example.com,+41 79 996 96 88,basel,BS,2023-05-01,9402,enterprise
C-10897,maya,rossi,maya.rossi897@example.com,+41 79 997 97 91,bern,BE,2023-05-14,9439,growth
C-10898,jonas,silva,jonas.silva898@example.com,+41 79 998 98 94,geneva,GE,2023-05-27,9476,core
C-10899,elena,patel,elena.patel899@example.com,+41 79 999 99 97,lausanne,VD,2023-06-09,9513,enterprise
C-10900,noah,brown,noah.brown900@example.com,+41 79 100 00 00,zurich,ZH,2023-06-22,9550,growth
C-10901,amara,martin,amara.martin901@example.com,Not provided,basel,BS,2023-07-05,9587,core
C-10902,luca,müller,luca.müller902@example.com,+41 79 102 02 06,bern,BE,2023-07-18,9624,enterprise
C-10903,sofia,okafor,sofia.okafor903@example.com,+41 79 103 03 09,geneva,GE,2023-07-31,9661,growth
C-10904,avery,chen,avery.chen904@example.com,+41 79 104 04 12,lausanne,VD,2023-08-13,9698,core
C-10905,maya,rossi,maya.rossi905@example.com,+41 79 105 05 15,zurich,ZH,2023-08-26,9735,enterprise
C-10906,jonas,silva,jonas.silva906@example.com,+41 79 106 06 18,basel,BS,2023-09-08,9772,growth
C-10907,elena,patel,elena.patel907@example.com,+41 79 107 07 21,bern,BE,2023-09-21,9809,core
C-10908,noah,brown,noah.brown908@example.com,+41 79 108 08 24,geneva,GE,2023-10-04,9846,enterprise
C-10909,amara,martin,amara.martin909@example.com,+41 79 109 09 27,lausanne,VD,2023-10-17,9883,growth
C-10910,luca,müller,luca.müller910@example.com,+41 79 110 10 30,zurich,ZH,2023-10-30,9920,core
C-10911,sofia,okafor,sofia.okafor911@example.com,+41 79 111 11 33,basel,BS,2023-11-12,9957,enterprise
C-10912,avery,chen,avery.chen912@example.com,+41 79 112 12 36,bern,BE,2023-11-25,9994,growth
C-10913,maya,rossi,maya.rossi913@example.com,+41 79 113 13 39,geneva,GE,2023-12-08,10031,core
C-10914,jonas,silva,jonas.silva914@example.com,+41 79 114 14 42,lausanne,VD,2023-12-21,10068,enterprise
C-10915,elena,patel,elena.patel915@example.com,+41 79 115 15 45,zurich,ZH,2024-01-03,10105,growth
C-10916,noah,brown,noah.brown916@example.com,+41 79 116 16 48,basel,BS,2024-01-16,10142,core
C-10917,amara,martin,amara.martin917@example.com,+41 79 117 17 51,bern,BE,2024-01-29,10179,enterprise
C-10918,luca,müller,luca.müller918@example.com,Not provided,geneva,GE,2024-02-11,10216,growth
C-10919,sofia,okafor,sofia.okafor919@example.com,+41 79 119 19 57,lausanne,VD,2024-02-24,10253,core
C-10920,avery,chen,avery.chen920@example.com,+41 79 120 20 60,zurich,ZH,2024-03-08,10290,enterprise
C-10921,maya,rossi,maya.rossi921@example.com,+41 79 121 21 63,basel,BS,2024-03-21,10327,growth
C-10922,jonas,silva,jonas.silva922@example.com,+41 79 122 22 66,bern,BE,2024-04-03,10364,core
C-10923,elena,patel,elena.patel923@example.com,+41 79 123 23 69,geneva,GE,2024-04-16,10401,enterprise
C-10924,noah,brown,noah.brown924@example.com,+41 79 124 24 72,lausanne,VD,2024-04-29,10438,growth
C-10925,amara,martin,amara.martin925@example.com,+41 79 125 25 75,zurich,ZH,2024-05-12,10475,core
C-10926,luca,müller,luca.müller926@example.com,+41 79 126 26 78,basel,BS,2024-05-25,10512,enterprise
C-10927,sofia,okafor,sofia.okafor927@example.com,+41 79 127 27 81,bern,BE,2024-06-07,10549,growth
C-10928,avery,chen,avery.chen928@example.com,+41 79 128 28 84,geneva,GE,2024-06-20,10586,core
C-10929,maya,rossi,maya.rossi929@example.com,+41 79 129 29 87,lausanne,VD,2024-07-03,10623,enterprise
C-10930,jonas,silva,jonas.silva930@example.com,+41 79 130 30 90,zurich,ZH,2024-07-16,10660,growth
C-10931,elena,patel,elena.patel931@example.com,+41 79 131 31 93,basel,BS,2024-07-29,10697,core
C-10932,noah,brown,noah.brown932@example.com,+41 79 132 32 96,bern,BE,2024-08-11,10734,enterprise
C-10933,amara,martin,amara.martin933@example.com,+41 79 133 33 99,geneva,GE,2024-08-24,10771,growth
C-10934,luca,müller,luca.müller934@example.com,+41 79 134 34 02,lausanne,VD,2024-09-06,10808,core
C-10935,sofia,okafor,sofia.okafor935@example.com,Not provided,zurich,ZH,2024-09-19,10845,enterprise
C-10936,avery,chen,avery.chen936@example.com,+41 79 136 36 08,basel,BS,2024-10-02,10882,growth
C-10937,maya,rossi,maya.rossi937@example.com,+41 79 137 37 11,bern,BE,2024-10-15,10919,core
C-10938,jonas,silva,jonas.silva938@example.com,+41 79 138 38 14,geneva,GE,2024-10-28,10956,enterprise
C-10939,elena,patel,elena.patel939@example.com,+41 79 139 39 17,lausanne,VD,2024-11-10,10993,growth
C-10940,noah,brown,noah.brown940@example.com,+41 79 140 40 20,zurich,ZH,2024-11-23,11030,core
C-10941,amara,martin,amara.martin941@example.com,+41 79 141 41 23,basel,BS,2024-12-06,11067,enterprise
C-10942,luca,müller,luca.müller942@example.com,+41 79 142 42 26,bern,BE,2024-12-19,11104,growth
C-10943,sofia,okafor,sofia.okafor943@example.com,+41 79 143 43 29,geneva,GE,2025-01-01,11141,core
C-10944,avery,chen,avery.chen944@example.com,+41 79 144 44 32,lausanne,VD,2025-01-14,11178,enterprise
C-10945,maya,rossi,maya.rossi945@example.com,+41 79 145 45 35,zurich,ZH,2025-01-27,11215,growth
C-10946,jonas,silva,jonas.silva946@example.com,+41 79 146 46 38,basel,BS,2025-02-09,11252,core
C-10947,elena,patel,elena.patel947@example.com,+41 79 147 47 41,bern,BE,2025-02-22,11289,enterprise
C-10948,noah,brown,noah.brown948@example.com,+41 79 148 48 44,geneva,GE,2025-03-07,11326,growth
C-10949,amara,martin,amara.martin949@example.com,+41 79 149 49 47,lausanne,VD,2025-03-20,11363,core
C-10950,luca,müller,luca.müller950@example.com,+41 79 150 50 50,zurich,ZH,2025-04-02,11400,enterprise
C-10951,sofia,okafor,sofia.okafor951@example.com,+41 79 151 51 53,basel,BS,2025-04-15,11437,growth
C-10952,avery,chen,avery.chen952@example.com,Not provided,bern,BE,2025-04-28,11474,core
C-10953,maya,rossi,maya.rossi953@example.com,+41 79 153 53 59,geneva,GE,2025-05-11,11511,enterprise
C-10954,jonas,silva,jonas.silva954@example.com,+41 79 154 54 62,lausanne,VD,2025-05-24,11548,growth
C-10955,elena,patel,elena.patel955@example.com,+41 79 155 55 65,zurich,ZH,2025-06-06,11585,core
C-10956,noah,brown,noah.brown956@example.com,+41 79 156 56 68,basel,BS,2025-06-19,11622,enterprise
C-10957,amara,martin,amara.martin957@example.com,+41 79 157 57 71,bern,BE,2025-07-02,11659,growth
C-10958,luca,müller,luca.müller958@example.com,+41 79 158 58 74,geneva,GE,2025-07-15,11696,core
C-10959,sofia,okafor,sofia.okafor959@example.com,+41 79 159 59 77,lausanne,VD,2025-07-28,11733,enterprise
C-10960,avery,chen,avery.chen960@example.com,+41 79 160 60 80,zurich,ZH,2025-08-10,11770,growth
C-10961,maya,rossi,maya.rossi961@example.com,+41 79 161 61 83,basel,BS,2025-08-23,11807,core
C-10962,jonas,silva,jonas.silva962@example.com,+41 79 162 62 86,bern,BE,2025-09-05,11844,enterprise
C-10963,elena,patel,elena.patel963@example.com,+41 79 163 63 89,geneva,GE,2025-09-18,11881,growth
C-10964,noah,brown,noah.brown964@example.com,+41 79 164 64 92,lausanne,VD,2025-10-01,11918,core
C-10965,amara,martin,amara.martin965@example.com,+41 79 165 65 95,zurich,ZH,2025-10-14,11955,enterprise
C-10966,luca,müller,luca.müller966@example.com,+41 79 166 66 98,basel,BS,2025-10-27,11992,growth
C-10967,sofia,okafor,sofia.okafor967@example.com,+41 79 167 67 01,bern,BE,2025-11-09,12029,core
C-10968,avery,chen,avery.chen968@example.com,+41 79 168 68 04,geneva,GE,2025-11-22,12066,enterprise
C-10969,maya,rossi,maya.rossi969@example.com,Not provided,lausanne,VD,2025-12-05,12103,growth
C-10970,jonas,silva,jonas.silva970@example.com,+41 79 170 70 10,zurich,ZH,2021-01-13,12140,core
C-10971,elena,patel,elena.patel971@example.com,+41 79 171 71 13,basel,BS,2021-01-26,12177,enterprise
C-10972,noah,brown,noah.brown972@example.com,+41 79 172 72 16,bern,BE,2021-02-08,12214,growth
C-10973,amara,martin,amara.martin973@example.com,+41 79 173 73 19,geneva,GE,2021-02-21,251,core
C-10974,luca,müller,luca.müller974@example.com,+41 79 174 74 22,lausanne,VD,2021-03-06,288,enterprise
C-10975,sofia,okafor,sofia.okafor975@example.com,+41 79 175 75 25,zurich,ZH,2021-03-19,325,growth
C-10976,avery,chen,avery.chen976@example.com,+41 79 176 76 28,basel,BS,2021-04-01,362,core
C-10977,maya,rossi,maya.rossi977@example.com,+41 79 177 77 31,bern,BE,2021-04-14,399,enterprise
C-10978,jonas,silva,jonas.silva978@example.com,+41 79 178 78 34,geneva,GE,2021-04-27,436,growth
C-10979,elena,patel,elena.patel979@example.com,+41 79 179 79 37,lausanne,VD,2021-05-10,473,core
C-10980,noah,brown,noah.brown980@example.com,+41 79 180 80 40,zurich,ZH,2021-05-23,510,enterprise
C-10981,amara,martin,amara.martin981@example.com,+41 79 181 81 43,basel,BS,2021-06-05,547,growth
C-10982,luca,müller,luca.müller982@example.com,+41 79 182 82 46,bern,BE,2021-06-18,584,core
C-10983,sofia,okafor,sofia.okafor983@example.com,+41 79 183 83 49,geneva,GE,2021-07-01,621,enterprise
C-10984,avery,chen,avery.chen984@example.com,+41 79 184 84 52,lausanne,VD,2021-07-14,658,growth
C-10985,maya,rossi,maya.rossi985@example.com,+41 79 185 85 55,zurich,ZH,2021-07-27,695,core
C-10986,jonas,silva,jonas.silva986@example.com,Not provided,basel,BS,2021-08-09,732,enterprise
C-10987,elena,patel,elena.patel987@example.com,+41 79 187 87 61,bern,BE,2021-08-22,769,growth
C-10988,noah,brown,noah.brown988@example.com,+41 79 188 88 64,geneva,GE,2021-09-04,806,core
C-10989,amara,martin,amara.martin989@example.com,+41 79 189 89 67,lausanne,VD,2021-09-17,843,enterprise
C-10990,luca,müller,luca.müller990@example.com,+41 79 190 90 70,zurich,ZH,2021-09-30,880,growth
C-10991,sofia,okafor,sofia.okafor991@example.com,+41 79 191 91 73,basel,BS,2021-10-13,917,core
C-10992,avery,chen,avery.chen992@example.com,+41 79 192 92 76,bern,BE,2021-10-26,954,enterprise
C-10993,maya,rossi,maya.rossi993@example.com,+41 79 193 93 79,geneva,GE,2021-11-08,991,growth
C-10994,jonas,silva,jonas.silva994@example.com,+41 79 194 94 82,lausanne,VD,2021-11-21,1028,core
C-10995,elena,patel,elena.patel995@example.com,+41 79 195 95 85,zurich,ZH,2021-12-04,1065,enterprise
C-10996,noah,brown,noah.brown996@example.com,+41 79 196 96 88,basel,BS,2021-12-17,1102,growth
C-10997,amara,martin,amara.martin997@example.com,+41 79 197 97 91,bern,BE,2021-12-30,1139,core
C-10998,luca,müller,luca.müller998@example.com,+41 79 198 98 94,geneva,GE,2022-01-12,1176,enterprise
C-10999,sofia,okafor,sofia.okafor999@example.com,+41 79 199 99 97,lausanne,VD,2022-01-25,1213,growth
C-11000,avery,chen,avery.chen1000@example.com,+41 79 200 00 00,zurich,ZH,2022-02-07,1250,core
C-11001,maya,rossi,maya.rossi1001@example.com,+41 79 201 01 03,basel,BS,2022-02-20,1287,enterprise
C-11002,jonas,silva,jonas.silva1002@example.com,+41 79 202 02 06,bern,BE,2022-03-05,1324,growth
C-11003,elena,patel,elena.patel1003@example.com,Not provided,geneva,GE,2022-03-18,1361,core
C-11004,noah,brown,noah.brown1004@example.com,+41 79 204 04 12,lausanne,VD,2022-03-31,1398,enterprise
C-11005,amara,martin,amara.martin1005@example.com,+41 79 205 05 15,zurich,ZH,2022-04-13,1435,growth
C-11006,luca,müller,luca.müller1006@example.com,+41 79 206 06 18,basel,BS,2022-04-26,1472,core
C-11007,sofia,okafor,sofia.okafor1007@example.com,+41 79 207 07 21,bern,BE,2022-05-09,1509,enterprise
C-11008,avery,chen,avery.chen1008@example.com,+41 79 208 08 24,geneva,GE,2022-05-22,1546,growth
C-11009,maya,rossi,maya.rossi1009@example.com,+41 79 209 09 27,lausanne,VD,2022-06-04,1583,core
C-11010,jonas,silva,jonas.silva1010@example.com,+41 79 210 10 30,zurich,ZH,2022-06-17,1620,enterprise
C-11011,elena,patel,elena.patel1011@example.com,+41 79 211 11 33,basel,BS,2022-06-30,1657,growth
C-11012,noah,brown,noah.brown1012@example.com,+41 79 212 12 36,bern,BE,2022-07-13,1694,core
C-11013,amara,martin,amara.martin1013@example.com,+41 79 213 13 39,geneva,GE,2022-07-26,1731,enterprise
C-11014,luca,müller,luca.müller1014@example.com,+41 79 214 14 42,lausanne,VD,2022-08-08,1768,growth
C-11015,sofia,okafor,sofia.okafor1015@example.com,+41 79 215 15 45,zurich,ZH,2022-08-21,1805,core
C-11016,avery,chen,avery.chen1016@example.com,+41 79 216 16 48,basel,BS,2022-09-03,1842,enterprise
C-11017,maya,rossi,maya.rossi1017@example.com,+41 79 217 17 51,bern,BE,2022-09-16,1879,growth
C-11018,jonas,silva,jonas.silva1018@example.com,+41 79 218 18 54,geneva,GE,2022-09-29,1916,core
C-11019,elena,patel,elena.patel1019@example.com,+41 79 219 19 57,lausanne,VD,2022-10-12,1953,enterprise
C-11020,noah,brown,noah.brown1020@example.com,Not provided,zurich,ZH,2022-10-25,1990,growth
C-11021,amara,martin,amara.martin1021@example.com,+41 79 221 21 63,basel,BS,2022-11-07,2027,core
C-11022,luca,müller,luca.müller1022@example.com,+41 79 222 22 66,bern,BE,2022-11-20,2064,enterprise
C-11023,sofia,okafor,sofia.okafor1023@example.com,+41 79 223 23 69,geneva,GE,2022-12-03,2101,growth
C-11024,avery,chen,avery.chen1024@example.com,+41 79 224 24 72,lausanne,VD,2022-12-16,2138,core
C-11025,maya,rossi,maya.rossi1025@example.com,+41 79 225 25 75,zurich,ZH,2022-12-29,2175,enterprise
C-11026,jonas,silva,jonas.silva1026@example.com,+41 79 226 26 78,basel,BS,2023-01-11,2212,growth
C-11027,elena,patel,elena.patel1027@example.com,+41 79 227 27 81,bern,BE,2023-01-24,2249,core
C-11028,noah,brown,noah.brown1028@example.com,+41 79 228 28 84,geneva,GE,2023-02-06,2286,enterprise
C-11029,amara,martin,amara.martin1029@example.com,+41 79 229 29 87,lausanne,VD,2023-02-19,2323,growth
C-11030,luca,müller,luca.müller1030@example.com,+41 79 230 30 90,zurich,ZH,2023-03-04,2360,core
C-11031,sofia,okafor,sofia.okafor1031@example.com,+41 79 231 31 93,basel,BS,2023-03-17,2397,enterprise
C-11032,avery,chen,avery.chen1032@example.com,+41 79 232 32 96,bern,BE,2023-03-30,2434,growth
C-11033,maya,rossi,maya.rossi1033@example.com,+41 79 233 33 99,geneva,GE,2023-04-12,2471,core
C-11034,jonas,silva,jonas.silva1034@example.com,+41 79 234 34 02,lausanne,VD,2023-04-25,2508,enterprise
C-11035,elena,patel,elena.patel1035@example.com,+41 79 235 35 05,zurich,ZH,2023-05-08,2545,growth
C-11036,noah,brown,noah.brown1036@example.com,+41 79 236 36 08,basel,BS,2023-05-21,2582,core
C-11037,amara,martin,amara.martin1037@example.com,Not provided,bern,BE,2023-06-03,2619,enterprise
C-11038,luca,müller,luca.müller1038@example.com,+41 79 238 38 14,geneva,GE,2023-06-16,2656,growth
C-11039,sofia,okafor,sofia.okafor1039@example.com,+41 79 239 39 17,lausanne,VD,2023-06-29,2693,core
C-11040,avery,chen,avery.chen1040@example.com,+41 79 240 40 20,zurich,ZH,2023-07-12,2730,enterprise
C-11041,maya,rossi,maya.rossi1041@example.com,+41 79 241 41 23,basel,BS,2023-07-25,2767,growth
C-11042,jonas,silva,jonas.silva1042@example.com,+41 79 242 42 26,bern,BE,2023-08-07,2804,core
C-11043,elena,patel,elena.patel1043@example.com,+41 79 243 43 29,geneva,GE,2023-08-20,2841,enterprise
C-11044,noah,brown,noah.brown1044@example.com,+41 79 244 44 32,lausanne,VD,2023-09-02,2878,growth
C-11045,amara,martin,amara.martin1045@example.com,+41 79 245 45 35,zurich,ZH,2023-09-15,2915,core
C-11046,luca,müller,luca.müller1046@example.com,+41 79 246 46 38,basel,BS,2023-09-28,2952,enterprise
C-11047,sofia,okafor,sofia.okafor1047@example.com,+41 79 247 47 41,bern,BE,2023-10-11,2989,growth
C-11048,avery,chen,avery.chen1048@example.com,+41 79 248 48 44,geneva,GE,2023-10-24,3026,core
C-11049,maya,rossi,maya.rossi1049@example.com,+41 79 249 49 47,lausanne,VD,2023-11-06,3063,enterprise
C-11050,jonas,silva,jonas.silva1050@example.com,+41 79 250 50 50,zurich,ZH,2023-11-19,3100,growth
C-11051,elena,patel,elena.patel1051@example.com,+41 79 251 51 53,basel,BS,2023-12-02,3137,core
C-11052,noah,brown,noah.brown1052@example.com,+41 79 252 52 56,bern,BE,2023-12-15,3174,enterprise
C-11053,amara,martin,amara.martin1053@example.com,+41 79 253 53 59,geneva,GE,2023-12-28,3211,growth
C-11054,luca,müller,luca.müller1054@example.com,Not provided,lausanne,VD,2024-01-10,3248,core
C-11055,sofia,okafor,sofia.okafor1055@example.com,+41 79 255 55 65,zurich,ZH,2024-01-23,3285,enterprise
C-11056,avery,chen,avery.chen1056@example.com,+41 79 256 56 68,basel,BS,2024-02-05,3322,growth
C-11057,maya,rossi,maya.rossi1057@example.com,+41 79 257 57 71,bern,BE,2024-02-18,3359,core
C-11058,jonas,silva,jonas.silva1058@example.com,+41 79 258 58 74,geneva,GE,2024-03-02,3396,enterprise
C-11059,elena,patel,elena.patel1059@example.com,+41 79 259 59 77,lausanne,VD,2024-03-15,3433,growth
C-11060,noah,brown,noah.brown1060@example.com,+41 79 260 60 80,zurich,ZH,2024-03-28,3470,core
C-11061,amara,martin,amara.martin1061@example.com,+41 79 261 61 83,basel,BS,2024-04-10,3507,enterprise
C-11062,luca,müller,luca.müller1062@example.com,+41 79 262 62 86,bern,BE,2024-04-23,3544,growth
C-11063,sofia,okafor,sofia.okafor1063@example.com,+41 79 263 63 89,geneva,GE,2024-05-06,3581,core
C-11064,avery,chen,avery.chen1064@example.com,+41 79 264 64 92,lausanne,VD,2024-05-19,3618,enterprise
C-11065,maya,rossi,maya.rossi1065@example.com,+41 79 265 65 95,zurich,ZH,2024-06-01,3655,growth
C-11066,jonas,silva,jonas.silva1066@example.com,+41 79 266 66 98,basel,BS,2024-06-14,3692,core
C-11067,elena,patel,elena.patel1067@example.com,+41 79 267 67 01,bern,BE,2024-06-27,3729,enterprise
C-11068,noah,brown,noah.brown1068@example.com,+41 79 268 68 04,geneva,GE,2024-07-10,3766,growth
C-11069,amara,martin,amara.martin1069@example.com,+41 79 269 69 07,lausanne,VD,2024-07-23,3803,core
C-11070,luca,müller,luca.müller1070@example.com,+41 79 270 70 10,zurich,ZH,2024-08-05,3840,enterprise
C-11071,sofia,okafor,sofia.okafor1071@example.com,Not provided,basel,BS,2024-08-18,3877,growth
C-11072,avery,chen,avery.chen1072@example.com,+41 79 272 72 16,bern,BE,2024-08-31,3914,core
C-11073,maya,rossi,maya.rossi1073@example.com,+41 79 273 73 19,geneva,GE,2024-09-13,3951,enterprise
C-11074,jonas,silva,jonas.silva1074@example.com,+41 79 274 74 22,lausanne,VD,2024-09-26,3988,growth
C-11075,elena,patel,elena.patel1075@example.com,+41 79 275 75 25,zurich,ZH,2024-10-09,4025,core
C-11076,noah,brown,noah.brown1076@example.com,+41 79 276 76 28,basel,BS,2024-10-22,4062,enterprise
C-11077,amara,martin,amara.martin1077@example.com,+41 79 277 77 31,bern,BE,2024-11-04,4099,growth
C-11078,luca,müller,luca.müller1078@example.com,+41 79 278 78 34,geneva,GE,2024-11-17,4136,core
C-11079,sofia,okafor,sofia.okafor1079@example.com,+41 79 279 79 37,lausanne,VD,2024-11-30,4173,enterprise
C-11080,avery,chen,avery.chen1080@example.com,+41 79 280 80 40,zurich,ZH,2024-12-13,4210,growth
C-11081,maya,rossi,maya.rossi1081@example.com,+41 79 281 81 43,basel,BS,2024-12-26,4247,core
C-11082,jonas,silva,jonas.silva1082@example.com,+41 79 282 82 46,bern,BE,2025-01-08,4284,enterprise
C-11083,elena,patel,elena.patel1083@example.com,+41 79 283 83 49,geneva,GE,2025-01-21,4321,growth
C-11084,noah,brown,noah.brown1084@example.com,+41 79 284 84 52,lausanne,VD,2025-02-03,4358,core
C-11085,amara,martin,amara.martin1085@example.com,+41 79 285 85 55,zurich,ZH,2025-02-16,4395,enterprise
C-11086,luca,müller,luca.müller1086@example.com,+41 79 286 86 58,basel,BS,2025-03-01,4432,growth
C-11087,sofia,okafor,sofia.okafor1087@example.com,+41 79 287 87 61,bern,BE,2025-03-14,4469,core
C-11088,avery,chen,avery.chen1088@example.com,Not provided,geneva,GE,2025-03-27,4506,enterprise
C-11089,maya,rossi,maya.rossi1089@example.com,+41 79 289 89 67,lausanne,VD,2025-04-09,4543,growth
C-11090,jonas,silva,jonas.silva1090@example.com,+41 79 290 90 70,zurich,ZH,2025-04-22,4580,core
C-11091,elena,patel,elena.patel1091@example.com,+41 79 291 91 73,basel,BS,2025-05-05,4617,enterprise
C-11092,noah,brown,noah.brown1092@example.com,+41 79 292 92 76,bern,BE,2025-05-18,4654,growth
C-11093,amara,martin,amara.martin1093@example.com,+41 79 293 93 79,geneva,GE,2025-05-31,4691,core
C-11094,luca,müller,luca.müller1094@example.com,+41 79 294 94 82,lausanne,VD,2025-06-13,4728,enterprise
C-11095,sofia,okafor,sofia.okafor1095@example.com,+41 79 295 95 85,zurich,ZH,2025-06-26,4765,growth
C-11096,avery,chen,avery.chen1096@example.com,+41 79 296 96 88,basel,BS,2025-07-09,4802,core
C-11097,maya,rossi,maya.rossi1097@example.com,+41 79 297 97 91,bern,BE,2025-07-22,4839,enterprise
C-11098,jonas,silva,jonas.silva1098@example.com,+41 79 298 98 94,geneva,GE,2025-08-04,4876,growth
C-11099,elena,patel,elena.patel1099@example.com,+41 79 299 99 97,lausanne,VD,2025-08-17,4913,core
C-11100,noah,brown,noah.brown1100@example.com,+41 79 300 00 00,zurich,ZH,2025-08-30,4950,enterprise
C-11101,amara,martin,amara.martin1101@example.com,+41 79 301 01 03,basel,BS,2025-09-12,4987,growth
C-11102,luca,müller,luca.müller1102@example.com,+41 79 302 02 06,bern,BE,2025-09-25,5024,core
C-11103,sofia,okafor,sofia.okafor1103@example.com,+41 79 303 03 09,geneva,GE,2025-10-08,5061,enterprise
C-11104,avery,chen,avery.chen1104@example.com,+41 79 304 04 12,lausanne,VD,2025-10-21,5098,growth
C-11105,maya,rossi,maya.rossi1105@example.com,Not provided,zurich,ZH,2025-11-03,5135,core
C-11106,jonas,silva,jonas.silva1106@example.com,+41 79 306 06 18,basel,BS,2025-11-16,5172,enterprise
C-11107,elena,patel,elena.patel1107@example.com,+41 79 307 07 21,bern,BE,2025-11-29,5209,growth
C-11108,noah,brown,noah.brown1108@example.com,+41 79 308 08 24,geneva,GE,2021-01-07,5246,core
C-11109,amara,martin,amara.martin1109@example.com,+41 79 309 09 27,lausanne,VD,2021-01-20,5283,enterprise
C-11110,luca,müller,luca.müller1110@example.com,+41 79 310 10 30,zurich,ZH,2021-02-02,5320,growth
C-11111,sofia,okafor,sofia.okafor1111@example.com,+41 79 311 11 33,basel,BS,2021-02-15,5357,core
C-11112,avery,chen,avery.chen1112@example.com,+41 79 312 12 36,bern,BE,2021-02-28,5394,enterprise
C-11113,maya,rossi,maya.rossi1113@example.com,+41 79 313 13 39,geneva,GE,2021-03-13,5431,growth
C-11114,jonas,silva,jonas.silva1114@example.com,+41 79 314 14 42,lausanne,VD,2021-03-26,5468,core
C-11115,elena,patel,elena.patel1115@example.com,+41 79 315 15 45,zurich,ZH,2021-04-08,5505,enterprise
C-11116,noah,brown,noah.brown1116@example.com,+41 79 316 16 48,basel,BS,2021-04-21,5542,growth
C-11117,amara,martin,amara.martin1117@example.com,+41 79 317 17 51,bern,BE,2021-05-04,5579,core
C-11118,luca,müller,luca.müller1118@example.com,+41 79 318 18 54,geneva,GE,2021-05-17,5616,enterprise
C-11119,sofia,okafor,sofia.okafor1119@example.com,+41 79 319 19 57,lausanne,VD,2021-05-30,5653,growth
C-11120,avery,chen,avery.chen1120@example.com,+41 79 320 20 60,zurich,ZH,2021-06-12,5690,core
C-11121,maya,rossi,maya.rossi1121@example.com,+41 79 321 21 63,basel,BS,2021-06-25,5727,enterprise
C-11122,jonas,silva,jonas.silva1122@example.com,Not provided,bern,BE,2021-07-08,5764,growth
C-11123,elena,patel,elena.patel1123@example.com,+41 79 323 23 69,geneva,GE,2021-07-21,5801,core
C-11124,noah,brown,noah.brown1124@example.com,+41 79 324 24 72,lausanne,VD,2021-08-03,5838,enterprise
C-11125,amara,martin,amara.martin1125@example.com,+41 79 325 25 75,zurich,ZH,2021-08-16,5875,growth
C-11126,luca,müller,luca.müller1126@example.com,+41 79 326 26 78,basel,BS,2021-08-29,5912,core
C-11127,sofia,okafor,sofia.okafor1127@example.com,+41 79 327 27 81,bern,BE,2021-09-11,5949,enterprise
C-11128,avery,chen,avery.chen1128@example.com,+41 79 328 28 84,geneva,GE,2021-09-24,5986,growth
C-11129,maya,rossi,maya.rossi1129@example.com,+41 79 329 29 87,lausanne,VD,2021-10-07,6023,core
C-11130,jonas,silva,jonas.silva1130@example.com,+41 79 330 30 90,zurich,ZH,2021-10-20,6060,enterprise
C-11131,elena,patel,elena.patel1131@example.com,+41 79 331 31 93,basel,BS,2021-11-02,6097,growth
C-11132,noah,brown,noah.brown1132@example.com,+41 79 332 32 96,bern,BE,2021-11-15,6134,core
C-11133,amara,martin,amara.martin1133@example.com,+41 79 333 33 99,geneva,GE,2021-11-28,6171,enterprise
C-11134,luca,müller,luca.müller1134@example.com,+41 79 334 34 02,lausanne,VD,2021-12-11,6208,growth
C-11135,sofia,okafor,sofia.okafor1135@example.com,+41 79 335 35 05,zurich,ZH,2021-12-24,6245,core
C-11136,avery,chen,avery.chen1136@example.com,+41 79 336 36 08,basel,BS,2022-01-06,6282,enterprise
C-11137,maya,rossi,maya.rossi1137@example.com,+41 79 337 37 11,bern,BE,2022-01-19,6319,growth
C-11138,jonas,silva,jonas.silva1138@example.com,+41 79 338 38 14,geneva,GE,2022-02-01,6356,core
C-11139,elena,patel,elena.patel1139@example.com,Not provided,lausanne,VD,2022-02-14,6393,enterprise
C-11140,noah,brown,noah.brown1140@example.com,+41 79 340 40 20,zurich,ZH,2022-02-27,6430,growth
C-11141,amara,martin,amara.martin1141@example.com,+41 79 341 41 23,basel,BS,2022-03-12,6467,core
C-11142,luca,müller,luca.müller1142@example.com,+41 79 342 42 26,bern,BE,2022-03-25,6504,enterprise
C-11143,sofia,okafor,sofia.okafor1143@example.com,+41 79 343 43 29,geneva,GE,2022-04-07,6541,growth
C-11144,avery,chen,avery.chen1144@example.com,+41 79 344 44 32,lausanne,VD,2022-04-20,6578,core
C-11145,maya,rossi,maya.rossi1145@example.com,+41 79 345 45 35,zurich,ZH,2022-05-03,6615,enterprise
C-11146,jonas,silva,jonas.silva1146@example.com,+41 79 346 46 38,basel,BS,2022-05-16,6652,growth
C-11147,elena,patel,elena.patel1147@example.com,+41 79 347 47 41,bern,BE,2022-05-29,6689,core
C-11148,noah,brown,noah.brown1148@example.com,+41 79 348 48 44,geneva,GE,2022-06-11,6726,enterprise
C-11149,amara,martin,amara.martin1149@example.com,+41 79 349 49 47,lausanne,VD,2022-06-24,6763,growth
C-11150,luca,müller,luca.müller1150@example.com,+41 79 350 50 50,zurich,ZH,2022-07-07,6800,core
C-11151,sofia,okafor,sofia.okafor1151@example.com,+41 79 351 51 53,basel,BS,2022-07-20,6837,enterprise
C-11152,avery,chen,avery.chen1152@example.com,+41 79 352 52 56,bern,BE,2022-08-02,6874,growth
C-11153,maya,rossi,maya.rossi1153@example.com,+41 79 353 53 59,geneva,GE,2022-08-15,6911,core
C-11154,jonas,silva,jonas.silva1154@example.com,+41 79 354 54 62,lausanne,VD,2022-08-28,6948,enterprise
C-11155,elena,patel,elena.patel1155@example.com,+41 79 355 55 65,zurich,ZH,2022-09-10,6985,growth
C-11156,noah,brown,noah.brown1156@example.com,Not provided,basel,BS,2022-09-23,7022,core
C-11157,amara,martin,amara.martin1157@example.com,+41 79 357 57 71,bern,BE,2022-10-06,7059,enterprise
C-11158,luca,müller,luca.müller1158@example.com,+41 79 358 58 74,geneva,GE,2022-10-19,7096,growth
C-11159,sofia,okafor,sofia.okafor1159@example.com,+41 79 359 59 77,lausanne,VD,2022-11-01,7133,core
C-11160,avery,chen,avery.chen1160@example.com,+41 79 360 60 80,zurich,ZH,2022-11-14,7170,enterprise
C-11161,maya,rossi,maya.rossi1161@example.com,+41 79 361 61 83,basel,BS,2022-11-27,7207,growth
C-11162,jonas,silva,jonas.silva1162@example.com,+41 79 362 62 86,bern,BE,2022-12-10,7244,core
C-11163,elena,patel,elena.patel1163@example.com,+41 79 363 63 89,geneva,GE,2022-12-23,7281,enterprise
C-11164,noah,brown,noah.brown1164@example.com,+41 79 364 64 92,lausanne,VD,2023-01-05,7318,growth
C-11165,amara,martin,amara.martin1165@example.com,+41 79 365 65 95,zurich,ZH,2023-01-18,7355,core
C-11166,luca,müller,luca.müller1166@example.com,+41 79 366 66 98,basel,BS,2023-01-31,7392,enterprise
C-11167,sofia,okafor,sofia.okafor1167@example.com,+41 79 367 67 01,bern,BE,2023-02-13,7429,growth
C-11168,avery,chen,avery.chen1168@example.com,+41 79 368 68 04,geneva,GE,2023-02-26,7466,core
C-11169,maya,rossi,maya.rossi1169@example.com,+41 79 369 69 07,lausanne,VD,2023-03-11,7503,enterprise
C-11170,jonas,silva,jonas.silva1170@example.com,+41 79 370 70 10,zurich,ZH,2023-03-24,7540,growth
C-11171,elena,patel,elena.patel1171@example.com,+41 79 371 71 13,basel,BS,2023-04-06,7577,core
C-11172,noah,brown,noah.brown1172@example.com,+41 79 372 72 16,bern,BE,2023-04-19,7614,enterprise
C-11173,amara,martin,amara.martin1173@example.com,Not provided,geneva,GE,2023-05-02,7651,growth
C-11174,luca,müller,luca.müller1174@example.com,+41 79 374 74 22,lausanne,VD,2023-05-15,7688,core
C-11175,sofia,okafor,sofia.okafor1175@example.com,+41 79 375 75 25,zurich,ZH,2023-05-28,7725,enterprise
C-11176,avery,chen,avery.chen1176@example.com,+41 79 376 76 28,basel,BS,2023-06-10,7762,growth
C-11177,maya,rossi,maya.rossi1177@example.com,+41 79 377 77 31,bern,BE,2023-06-23,7799,core
C-11178,jonas,silva,jonas.silva1178@example.com,+41 79 378 78 34,geneva,GE,2023-07-06,7836,enterprise
C-11179,elena,patel,elena.patel1179@example.com,+41 79 379 79 37,lausanne,VD,2023-07-19,7873,growth
C-11180,noah,brown,noah.brown1180@example.com,+41 79 380 80 40,zurich,ZH,2023-08-01,7910,core
C-11181,amara,martin,amara.martin1181@example.com,+41 79 381 81 43,basel,BS,2023-08-14,7947,enterprise
C-11182,luca,müller,luca.müller1182@example.com,+41 79 382 82 46,bern,BE,2023-08-27,7984,growth
C-11183,sofia,okafor,sofia.okafor1183@example.com,+41 79 383 83 49,geneva,GE,2023-09-09,8021,core
C-11184,avery,chen,avery.chen1184@example.com,+41 79 384 84 52,lausanne,VD,2023-09-22,8058,enterprise
C-11185,maya,rossi,maya.rossi1185@example.com,+41 79 385 85 55,zurich,ZH,2023-10-05,8095,growth
C-11186,jonas,silva,jonas.silva1186@example.com,+41 79 386 86 58,basel,BS,2023-10-18,8132,core
